{"schema":5,"addons":[{"id":"firebug@software.joehewitt.com","icons":{"32":"https://addons.cdn.mozilla.net/user-media/addon_icons/1/1843-32.png?modified=1465381216","64":"https://addons.cdn.mozilla.net/user-media/addon_icons/1/1843-64.png?modified=1465381216"},"compatibilityOverrides":[{"type":"incompatible","minVersion":"0","maxVersion":"1.7.3","appID":"{ec8030f7-c20a-464f-9b0e-13a3a9e97384}","appMinVersion":"6.0a1","appMaxVersion":"*"}],"name":"Firebug","type":"extension","version":"2.0.17","repositoryStatus":4,"creator":{"name":"Joe Hewitt","url":"https://addons.mozilla.org/zh-CN/firefox/user/joe-hewitt/?src=api"},"developers":[{"name":"Jan Odvarko","url":"https://addons.mozilla.org/zh-CN/firefox/user/jan-odvarko/?src=api"},{"name":"robcee","url":"https://addons.mozilla.org/zh-CN/firefox/user/robcee/?src=api"},{"name":"Firebug Working Group","url":"https://addons.mozilla.org/zh-CN/firefox/user/firebugworkinggroup/?src=api"}],"description":"Firebug 为你的 Firefox 集成了浏览网页的同时随手可得的丰富开发工具。你可以对任何网页的 CSS、HTML 和 JavaScript 进行实时编辑、调试和监控…\\n\\nFirebug 1.4 仅支持 Firefox 3.0 或更高版本。","fullDescription":"Firebug 为你的 Firefox 集成了浏览网页的同时随手可得的丰富开发工具。你可以对任何网页的 CSS、HTML 和 JavaScript 进行实时编辑、调试和监控。\\n\\n访问 Firebug 网站来查看文档、截屏以及讨论组（英语）：http://getfirebug.com","isPlatformCompatible":true,"eula":null,"screenshots":[{"url":"https://addons.cdn.mozilla.net/user-media/previews/full/52/52710.png?src=api&modified=1295251100","width":"700","height":"330","thumbnailURL":"https://addons.cdn.mozilla.net/user-media/previews/thumbs/52/52710.png?src=api&modified=1295251100","thumbnailWidth":"200","thumbnailHeight":"94","caption":"Command line and its auto-completion."},{"url":"https://addons.cdn.mozilla.net/user-media/previews/full/52/52711.png?src=api&modified=1295251100","width":"700","height":"330","thumbnailURL":"https://addons.cdn.mozilla.net/user-media/previews/thumbs/52/52711.png?src=api&modified=1295251100","thumbnailWidth":"200","thumbnailHeight":"94","caption":"Console panel with an example error logs."},{"url":"https://addons.cdn.mozilla.net/user-media/previews/full/52/52712.png?src=api&modified=1295251100","width":"700","height":"330","thumbnailURL":"https://addons.cdn.mozilla.net/user-media/previews/thumbs/52/52712.png?src=api&modified=1295251100","thumbnailWidth":"200","thumbnailHeight":"94","caption":"CSS panel with inline editor."},{"url":"https://addons.cdn.mozilla.net/user-media/previews/full/52/52713.png?src=api&modified=1295251100","width":"700","height":"330","thumbnailURL":"https://addons.cdn.mozilla.net/user-media/previews/thumbs/52/52713.png?src=api&modified=1295251100","thumbnailWidth":"200","thumbnailHeight":"94","caption":"DOM panel displays structure of the current page."},{"url":"https://addons.cdn.mozilla.net/user-media/previews/full/52/52714.png?src=api&modified=1295251100","width":"700","height":"330","thumbnailURL":"https://addons.cdn.mozilla.net/user-media/previews/thumbs/52/52714.png?src=api&modified=1295251100","thumbnailWidth":"200","thumbnailHeight":"94","caption":"HTML panel shows markup of the current page."},{"url":"https://addons.cdn.mozilla.net/user-media/previews/full/52/52715.png?src=api&modified=1295251100","width":"700","height":"330","thumbnailURL":"https://addons.cdn.mozilla.net/user-media/previews/thumbs/52/52715.png?src=api&modified=1295251100","thumbnailWidth":"200","thumbnailHeight":"94","caption":"Layout panel reveals layout of selected elements."},{"url":"https://addons.cdn.mozilla.net/user-media/previews/full/52/52716.png?src=api&modified=1295251100","width":"700","height":"330","thumbnailURL":"https://addons.cdn.mozilla.net/user-media/previews/thumbs/52/52716.png?src=api&modified=1295251100","thumbnailWidth":"200","thumbnailHeight":"94","caption":"Net panel monitors HTTP communication."},{"url":"https://addons.cdn.mozilla.net/user-media/previews/full/52/52717.png?src=api&modified=1295251101","width":"700","height":"330","thumbnailURL":"https://addons.cdn.mozilla.net/user-media/previews/thumbs/52/52717.png?src=api&modified=1295251101","thumbnailWidth":"200","thumbnailHeight":"94","caption":"Script panel allows to explore and debug JavaScript on the current page."}],"averageRating":5,"learnmoreURL":"https://addons.mozilla.org/zh-CN/firefox/addon/firebug/?src=api","homepageURL":"http://getfirebug.com/","sourceURI":"https://addons.mozilla.org/firefox/downloads/file/449560/firebug-2.0.17-fx.xpi?src=api","size":2617021,"contributionURL":"https://addons.mozilla.org/zh-CN/firefox/addon/firebug/developers?src=api","contributionAmount":"US$10.00","developerComments":"=如果你有任何问题，请阅读 Firebug FAQ（英语）。\n\nhttp://getfirebug.com/faq.html","reviewURL":"https://addons.mozilla.org/zh-CN/firefox/addon/firebug/reviews/?src=api","reviewCount":1834,"totalDownloads":84739599,"weeklyDownloads":113047,"dailyUsers":2117641,"updateDate":1465379016000,"supportURL":"http://getfirebug.com"},{"id":"yslow@yahoo-inc.com","icons":{"32":"https://addons.cdn.mozilla.net/user-media/addon_icons/5/5369-32.png?modified=1361230517","64":"https://addons.cdn.mozilla.net/user-media/addon_icons/5/5369-64.png?modified=1361230517"},"name":"YSlow","type":"extension","version":"3.1.8.1-signed.1-signed","repositoryStatus":4,"creator":{"name":"YSlow","url":"https://addons.mozilla.org/zh-CN/firefox/user/yslow/?src=api"},"description":"YSlow analyzes web pages and suggests ways to improve their performance based on a set of rules for high performance web pages.\nhttp://yslow.org is the official open source website.","fullDescription":"YSlow analyzes web pages and suggests ways to improve their performance based on a set of rules for high performance web pages. YSlow is available for Firefox as an add-on integrated with the Firebug web development tool. YSlow grades web page based on one of three predefined ruleset or a user-defined ruleset. It offers suggestions for improving the page's performance, summarizes the page's components, displays statistics about the page, and provides tools for performance analysis, including Smush.it™ and JSLint.\n\nVisit the official YSlow website: http://yslow.org\n\nYSlow is licensed under the New BSD License, with portions licensed by third parties under other license terms. To review the terms before installing, see http://wh.yslow.org/yslow-license\n\nYou must install Firebug: https://addons.mozilla.org/en-US/firefox/addon/1843","isPlatformCompatible":true,"eula":null,"screenshots":[{"url":"https://addons.cdn.mozilla.net/user-media/previews/full/31/31944.png?src=api&modified=1331218902","width":"640","height":"444","thumbnailURL":"https://addons.cdn.mozilla.net/user-media/previews/thumbs/31/31944.png?src=api&modified=1331218902","thumbnailWidth":"200","thumbnailHeight":"138","caption":"Grade View"},{"url":"https://addons.cdn.mozilla.net/user-media/previews/full/31/31945.png?src=api&modified=1331218902","width":"640","height":"257","thumbnailURL":"https://addons.cdn.mozilla.net/user-media/previews/thumbs/31/31945.png?src=api&modified=1331218902","thumbnailWidth":"200","thumbnailHeight":"80","caption":"Statistics View"},{"url":"https://addons.cdn.mozilla.net/user-media/previews/full/31/31946.png?src=api&modified=1331218902","width":"640","height":"238","thumbnailURL":"https://addons.cdn.mozilla.net/user-media/previews/thumbs/31/31946.png?src=api&modified=1331218902","thumbnailWidth":"200","thumbnailHeight":"74","caption":"Component View"}],"averageRating":3,"learnmoreURL":"https://addons.mozilla.org/zh-CN/firefox/addon/yslow/?src=api","homepageURL":"http://yslow.org","sourceURI":"https://addons.mozilla.org/firefox/downloads/file/225990/yslow-3.1.8-fx.xpi?src=api","size":207242,"developerComments":null,"reviewURL":"https://addons.mozilla.org/zh-CN/firefox/addon/yslow/reviews/?src=api","reviewCount":214,"totalDownloads":4429721,"weeklyDownloads":2691,"dailyUsers":78122,"updateDate":1377558763000,"supportURL":"http://yslow.org"},{"id":"jsonhandle@gmail.com","icons":{"32":"https://addons.cdn.mozilla.net/user-media/addon_icons/371/371371-32.png?modified=1473254416","64":"https://addons.cdn.mozilla.net/user-media/addon_icons/371/371371-64.png?modified=1473254416"},"name":"JSON-handle","type":"extension","version":"1.4.10","repositoryStatus":4,"creator":{"name":"stonepurple","url":"https://addons.mozilla.org/zh-CN/firefox/user/stonepurple/?src=api"},"description":"JSON编辑器,It's a browser and editor for JSON document.You can get a beautiful view.\n对JSON格式的内容进行浏览和编辑，以树形图样式展现JSON文档，并可实时编辑。","fullDescription":"Edit and browse JSON document in a node tree diagram.\n\nopen the URL will trigger JSON-handle:\n打开下面网址可以看到JSON-handle启动的效果：\nhttp://viewvc.svn.mozilla.org/vc/libs/product-details/json/firefox_versions.json?view=co&revision=103936&content-type=text%2Fplain","isPlatformCompatible":true,"eula":null,"screenshots":[{"url":"https://addons.cdn.mozilla.net/user-media/previews/full/69/69767.png?src=api&modified=1358972848","width":"640","height":"400","thumbnailURL":"https://addons.cdn.mozilla.net/user-media/previews/thumbs/69/69767.png?src=api&modified=1358972848","thumbnailWidth":"200","thumbnailHeight":"125","caption":"VIEW"},{"url":"https://addons.cdn.mozilla.net/user-media/previews/full/88/88170.png?src=api&modified=1359001653","width":"700","height":"475","thumbnailURL":"https://addons.cdn.mozilla.net/user-media/previews/thumbs/88/88170.png?src=api&modified=1359001653","thumbnailWidth":"200","thumbnailHeight":"136","caption":"GUI"}],"averageRating":4,"learnmoreURL":"https://addons.mozilla.org/zh-CN/firefox/addon/json-handle/?src=api","homepageURL":"https://addons.mozilla.org/zh-CN/firefox/addon/json-handle/?src=api","sourceURI":"https://addons.mozilla.org/firefox/downloads/file/497848/json_handle-1.4.10-fx.xpi?src=api","size":119604,"developerComments":null,"reviewURL":"https://addons.mozilla.org/zh-CN/firefox/addon/json-handle/reviews/?src=api","reviewCount":35,"totalDownloads":161575,"weeklyDownloads":2107,"dailyUsers":14755,"updateDate":1473254007000,"supportURL":"http://jsonhandle.sinaapp.com/"},{"id":"{DDC359D1-844A-42a7-9AA1-88A850A938A8}","icons":{"32":"https://addons.cdn.mozilla.net/user-media/addon_icons/0/201-32.png?modified=1473067217","64":"https://addons.cdn.mozilla.net/user-media/addon_icons/0/201-64.png?modified=1473067217"},"name":"DownThemAll!","type":"extension","version":"3.0.6","repositoryStatus":4,"creator":{"name":"Nils Maier","url":"https://addons.mozilla.org/zh-CN/firefox/user/nils-maier/?src=api"},"developers":[{"name":"Federico Parodi","url":"https://addons.mozilla.org/zh-CN/firefox/user/federico-parodi/?src=api"},{"name":"Stefano Verna","url":"https://addons.mozilla.org/zh-CN/firefox/user/stefano-verna/?src=api"}],"description":"独一无二的Firefox内建下载管理器/加速器","fullDescription":"DownThemAll满足您对一个下载管理器的需求:提供高级加速器可增加4倍以上的加速并且允许您随时暂停并恢复下载。\n\nDownThemAll快速，可靠并且容易使用！它让您可以下载页面中的所有链接和图像，还有更多：您可以用可高度可定制的条件提纯您的下载，来获取您想要的！可完全控制下载，随时指定速度和并发连接数量。使用Metalinks或手动增加镜像从其它服务器同时下载文件。\n\nDownThemAll开源，免费。无广告，无间谍软件，无吸费陷阱！\n\n更多信息请查看我们的 产品特点页面。\n\nPlease do NOT report any bugs and issues in the user review section, but file a bug report instead. This is the only way to make sure we actually see it, and it also makes communicating to us/with you a lot easier. Thanks","isPlatformCompatible":true,"eula":null,"screenshots":[{"url":"https://addons.cdn.mozilla.net/user-media/previews/full/18/18836.png?src=api&modified=1331218902","width":"616","height":"525","thumbnailURL":"https://addons.cdn.mozilla.net/user-media/previews/thumbs/18/18836.png?src=api&modified=1331218902","thumbnailWidth":"176","thumbnailHeight":"150","caption":"Selection window (Windows)"},{"url":"https://addons.cdn.mozilla.net/user-media/previews/full/18/18838.png?src=api&modified=1331218902","width":"700","height":"449","thumbnailURL":"https://addons.cdn.mozilla.net/user-media/previews/thumbs/18/18838.png?src=api&modified=1331218902","thumbnailWidth":"200","thumbnailHeight":"128","caption":"Manager window (Mac OS X)"},{"url":"https://addons.cdn.mozilla.net/user-media/previews/full/18/18839.png?src=api&modified=1331218902","width":"543","height":"419","thumbnailURL":"https://addons.cdn.mozilla.net/user-media/previews/thumbs/18/18839.png?src=api&modified=1331218902","thumbnailWidth":"194","thumbnailHeight":"150","caption":"Adding new Downloads (Ubuntu)"},{"url":"https://addons.cdn.mozilla.net/user-media/previews/full/18/18840.png?src=api&modified=1331218902","width":"240","height":"136","thumbnailURL":"https://addons.cdn.mozilla.net/user-media/previews/thumbs/18/18840.png?src=api&modified=1331218902","thumbnailWidth":"200","thumbnailHeight":"113","caption":"Toolbar buttons (Windows)"}],"averageRating":4,"learnmoreURL":"https://addons.mozilla.org/zh-CN/firefox/addon/downthemall/?src=api","homepageURL":"http://www.downthemall.net/","sourceURI":"https://addons.mozilla.org/firefox/downloads/file/496224/downthemall-3.0.6-sm+fx.xpi?src=api","size":1272745,"contributionURL":"https://addons.mozilla.org/zh-CN/firefox/addon/downthemall/developers?src=api","contributionAmount":"US$10.00","developerComments":"DownThemAll! 3.0 Beta versions are available from downthemall.net. We urge people willing to help out with testing to have a look. Please note that these preview versions on our homepage were NOT reviewed by mozilla yet.\n\nIMPORTANT! You're strongly encouraged to post any problem you may be experiencing at our bug tracker!\nThanks for your great support!\nWe, in general, do not monitor discussions taking place here or at other popular forums. There is simply no time for that.\n\nAll releases are also available from: https://code.downthemall.net/releases/\nIt is however encouraged to use the version published here on Mozilla Add-Ons.\n\nDownThemAll! in your language: You can help making available DownThemAll! in your language, or improving existing translations. For more information about how to get involved, please see: DownThemAll! 2.0 translation started.","reviewURL":"https://addons.mozilla.org/zh-CN/firefox/addon/downthemall/reviews/?src=api","reviewCount":1788,"totalDownloads":74443142,"weeklyDownloads":76680,"dailyUsers":1247247,"updateDate":1473065243000,"supportURL":"http://www.downthemall.net/howto/faq/#faq5"},{"id":"{575cbcb9-3b7e-493a-b001-886b3ae793b5}","icons":{"32":"https://addons.cdn.mozilla.net/user-media/addon_icons/10/10875-32.png?modified=1441193332","64":"https://addons.cdn.mozilla.net/user-media/addon_icons/10/10875-64.png?modified=1441193332"},"name":"DragIt (formerly Drag de Go)","type":"extension","version":"3.2.3.1-signed.1-signed","repositoryStatus":4,"creator":{"name":"Dr. S.","url":"https://addons.mozilla.org/zh-CN/firefox/user/dr-s/?src=api"},"description":"THE Drag And Drop Extension.","fullDescription":"On August 21 2015 MOZILLA announced their ideas of the future of developing Firefox add-ons.\nBasically that will break many, if not the majority, of existing add-ons. Good luck with that.\n\nConsequently, DragIt won't be updated anymore.\n\nMany standard things one has to do while browsing are well hidden in the menu structure. Saving an image to disk requires opening the context menu, finding the corresponding save entry, selecting a directory and finally a name.\n\nThis is where DragIt helps out. Save text and images to preconfigured folders, search the web, open links in tabs or with extern applications, download and much more with just a mouse gesture.\n\nHow does it work?\nJust grab an object and drag it up, down, left or right and run the assigned action. Text selections, links, images, addons and extern objects have there own respective set of configurable actions.\n\nDragIt comes with its own configurable context menu which may also be activated by a gesture.\n\nIt gives feedback via a configurable tooltip, a configurable mouse trail or the statusbar. So one always knows what action is about to be executed.","isPlatformCompatible":true,"eula":null,"screenshots":[{"url":"https://addons.cdn.mozilla.net/user-media/previews/full/30/30200.png?src=api&modified=1358249252","thumbnailURL":"https://addons.cdn.mozilla.net/user-media/previews/thumbs/30/30200.png?src=api&modified=1358249252","caption":"DragIt (formerly Drag de Go)"},{"url":"https://addons.cdn.mozilla.net/user-media/previews/full/30/30868.png?src=api&modified=1358249252","width":"488","height":"525","thumbnailURL":"https://addons.cdn.mozilla.net/user-media/previews/thumbs/30/30868.png?src=api&modified=1358249252","thumbnailWidth":"139","thumbnailHeight":"150","caption":"A snapshot from the preference window."},{"url":"https://addons.cdn.mozilla.net/user-media/previews/full/30/30869.png?src=api&modified=1358249252","width":"669","height":"525","thumbnailURL":"https://addons.cdn.mozilla.net/user-media/previews/thumbs/30/30869.png?src=api&modified=1358249252","thumbnailWidth":"191","thumbnailHeight":"150","caption":"The 'Search with' context menu."}],"averageRating":3,"learnmoreURL":"https://addons.mozilla.org/zh-CN/firefox/addon/dragit-formerly-drag-de-go/?src=api","homepageURL":"https://addons.mozilla.org/zh-CN/firefox/addon/dragit-formerly-drag-de-go/?src=api","sourceURI":"https://addons.mozilla.org/firefox/downloads/file/302138/dragit_formerly_drag_de_go-3.2.3-fx.xpi?src=api","size":363956,"developerComments":null,"reviewURL":"https://addons.mozilla.org/zh-CN/firefox/addon/dragit-formerly-drag-de-go/reviews/?src=api","reviewCount":176,"totalDownloads":238448,"weeklyDownloads":260,"dailyUsers":8225,"updateDate":1425539345000,"supportURL":"http://forums.mozillazine.org/viewforum.php?f=48"},{"id":"viewsource@kash","icons":{"32":"https://addons.cdn.mozilla.net/user-media/addon_icons/93/93453-32.png?modified=1383113363","64":"https://addons.cdn.mozilla.net/user-media/addon_icons/93/93453-64.png?modified=1383113363"},"name":"View Source","type":"extension","version":"2.4.1-signed.1-signed","repositoryStatus":4,"creator":{"name":"KasH.","url":"https://addons.mozilla.org/zh-CN/firefox/user/kash/?src=api"},"description":"Shows all source files of a webpage.","fullDescription":"Shows all source files of a webpage; all HTML frames, javascript, images en CSS. You can also view the server's response headers, and all links on the webpage.","isPlatformCompatible":true,"eula":null,"screenshots":[{"url":"https://addons.cdn.mozilla.net/user-media/previews/full/47/47780.png?src=api&modified=1331218902","width":"700","height":"366","thumbnailURL":"https://addons.cdn.mozilla.net/user-media/previews/thumbs/47/47780.png?src=api&modified=1331218902","thumbnailWidth":"200","thumbnailHeight":"104"},{"url":"https://addons.cdn.mozilla.net/user-media/previews/full/47/47781.png?src=api&modified=1331218902","width":"700","height":"366","thumbnailURL":"https://addons.cdn.mozilla.net/user-media/previews/thumbs/47/47781.png?src=api&modified=1331218902","thumbnailWidth":"200","thumbnailHeight":"104"}],"averageRating":4,"learnmoreURL":"https://addons.mozilla.org/zh-CN/firefox/addon/view-source/?src=api","homepageURL":"https://addons.mozilla.org/zh-CN/firefox/addon/view-source/?src=api","sourceURI":"https://addons.mozilla.org/firefox/downloads/file/276786/view_source-2.4-sm+fx.xpi?src=api","size":29674,"developerComments":null,"reviewURL":"https://addons.mozilla.org/zh-CN/firefox/addon/view-source/reviews/?src=api","reviewCount":6,"totalDownloads":29097,"weeklyDownloads":64,"dailyUsers":1123,"updateDate":1411140838000,"supportURL":null},{"id":"zoomlevelplus@zoomlevelplus.net","icons":{"32":"https://addons.cdn.mozilla.net/user-media/addon_icons/708/708264-32.png?modified=1470518416","64":"https://addons.cdn.mozilla.net/user-media/addon_icons/708/708264-64.png?modified=1470518416"},"name":"NoSquint Plus","type":"extension","version":"48.0.0","repositoryStatus":4,"creator":{"name":"Baris Derin","url":"https://addons.mozilla.org/zh-CN/firefox/user/baris-derin/?src=api"},"description":"Manage site-specific zoom levels and color settings","fullDescription":"Having a hard time reading on the web? Is that website with the ridiculously small font and hot-pink-on-slightly-darker-hot-pink text raising your blood pressure?\n\nNoSquint Plus is a Firefox addon that can:\n\n    Override the default text-only and full-page (both text and images) zoom levels for all websites\n    Enforce your own foreground and background colors\n    Remember your zoom levels and color settings per site, automatically applying them when you return.\n    A powerful exceptions mechanism lets you split up or group together sites with URL patterns.\n\n\nRight click on a web page to get “NoSquint Plus Site Settings” context menu option to tweak settings for a specific site. Global Settings button is also placed in Site Settings panel to tweak options globally for all sites.\n\nNoSquint Plus contains advanced color wheel that support 16 million colors, domain grouping and site exclusion supportfor Global Settings.\n\nTo prevent conflicts, please remove old NoSquint, restart your browser and install NoSquint Plus. You may also disable or remove other accessibility add-ons temporarily, restart your browser and install NoSquint Plus to check the add-on. Sometimes Firefox profiles get broken and unexpected behavior may happen. Please create a fresh profile by below Mozilla tutorial and test the NoSquint Plus by installing on this new profile.\n\nhttps://support.mozilla.org/en-US/kb/profile-manager-create-and-remove-firefox-profiles\n\nNoSquint Plus is also available for Google Chrome\nhttps://chrome.google.com/webstore/detail/nosquint-plus/jidjekdcooppfeggehblbigabhaihkgj/\n\nNoSquint Plus is also available for Opera\nhttps://addons.opera.com/en-gb/extensions/details/nosquint-plus/\n\nIf you may want to change the global font size, font family and zoom level used for the user interface of Firefox, you can use another add-on ( Theme Font & Size Changer ) from us.\nhttps://addons.mozilla.org/en-US/firefox/addon/theme-font-size-changer/\n\nIf you have any support questions, feature requests and bug reports, please do not hesitate to contact us by below support email address:\n\nsupport at barisderin dot com\n\nBest Regards,\n\nBaris Derin","isPlatformCompatible":true,"eula":null,"averageRating":5,"learnmoreURL":"https://addons.mozilla.org/zh-CN/firefox/addon/nosquint-plus/?src=api","homepageURL":"https://addons.mozilla.org/zh-CN/firefox/addon/nosquint-plus/?src=api","sourceURI":"https://addons.mozilla.org/firefox/downloads/file/479622/nosquint_plus-48.0.0-fx.xpi?src=api","size":332934,"developerComments":null,"reviewURL":"https://addons.mozilla.org/zh-CN/firefox/addon/nosquint-plus/reviews/?src=api","reviewCount":25,"totalDownloads":55845,"weeklyDownloads":2446,"dailyUsers":18711,"updateDate":1470515489000,"supportURL":null},{"id":"rest-easy@quickmediasolutions.com","icons":{"32":"https://addons.cdn.mozilla.net/user-media/addon_icons/470/470881-32.png?modified=1437760785","64":"https://addons.cdn.mozilla.net/user-media/addon_icons/470/470881-64.png?modified=1437760785"},"name":"REST Easy","type":"extension","version":"0.3.1.1-signed","repositoryStatus":4,"creator":{"name":"Nathan Osman","url":"https://addons.mozilla.org/zh-CN/firefox/user/nathan-osman/?src=api"},"description":"A simple REST client for Firefox","fullDescription":"REST Easy is a Firefox add-on that provides a full-featured REST client in the browser. The current list of features includes:\n\n    send request data\n    select HTTP method\n    add request headers\n    view response headers\n    examine raw response\n    syntax highlighting for common MIME types\n    preview responses in the browser\n\n\nThe tool can be launched from the Web Developer menu.","isPlatformCompatible":true,"eula":null,"screenshots":[{"url":"https://addons.cdn.mozilla.net/user-media/previews/full/161/161956.png?src=api&modified=1437760530","width":"700","height":"500","thumbnailURL":"https://addons.cdn.mozilla.net/user-media/previews/thumbs/161/161956.png?src=api&modified=1437760530","thumbnailWidth":"200","thumbnailHeight":"143","caption":"REST Easy displaying a simple GET request"},{"url":"https://addons.cdn.mozilla.net/user-media/previews/full/161/161958.png?src=api&modified=1437760530","width":"622","height":"485","thumbnailURL":"https://addons.cdn.mozilla.net/user-media/previews/thumbs/161/161958.png?src=api&modified=1437760530","thumbnailWidth":"192","thumbnailHeight":"150","caption":"Syntax highlighting for common MIME types"},{"url":"https://addons.cdn.mozilla.net/user-media/previews/full/161/161960.png?src=api&modified=1437760530","width":"306","height":"451","thumbnailURL":"https://addons.cdn.mozilla.net/user-media/previews/thumbs/161/161960.png?src=api&modified=1437760530","thumbnailWidth":"102","thumbnailHeight":"150","caption":"Send custom data with requests"}],"averageRating":4,"learnmoreURL":"https://addons.mozilla.org/zh-CN/firefox/addon/rest-easy/?src=api","homepageURL":"https://github.com/nathan-osman/Rest-Easy","sourceURI":"https://addons.mozilla.org/firefox/downloads/file/302218/rest_easy-0.3.1-fx.xpi?src=api","size":507253,"contributionURL":"https://addons.mozilla.org/zh-CN/firefox/addon/rest-easy/developers?src=api","contributionAmount":"US$5.00","developerComments":null,"reviewURL":"https://addons.mozilla.org/zh-CN/firefox/addon/rest-easy/reviews/?src=api","reviewCount":27,"totalDownloads":249324,"weeklyDownloads":1710,"dailyUsers":32176,"updateDate":1437729805000,"supportURL":"https://github.com/nathan-osman/Rest-Easy"},{"id":"loop@mozilla.org","icons":{"32":null,"64":null},"name":"Firefox Hello Beta (discontinued)","type":"extension","version":"1.5.0","repositoryStatus":4,"creator":{"name":"Standard8","url":"https://addons.mozilla.org/zh-CN/firefox/user/standard8/?src=api"},"developers":[{"name":"Ian Bicking","url":"https://addons.mozilla.org/zh-CN/firefox/user/ianb/?src=api"}],"description":"Firefox Hello has been discontinued.","fullDescription":"Firefox Hello is being discontinued. Learn more\n\nThe add-on will not work in Firefox 49 or later. We will post an update to the add-on to remove itself once we have stopped supporting it.","isPlatformCompatible":true,"eula":null,"averageRating":2,"learnmoreURL":"https://addons.mozilla.org/zh-CN/firefox/addon/firefox-hello-beta/?src=api","homepageURL":"https://github.com/mozilla/loop","sourceURI":"https://addons.mozilla.org/firefox/downloads/file/485393/firefox_hello_beta-1.5.0-fx.xpi?src=api","size":2034519,"developerComments":null,"reviewURL":"https://addons.mozilla.org/zh-CN/firefox/addon/firefox-hello-beta/reviews/?src=api","reviewCount":10,"totalDownloads":12889,"weeklyDownloads":77,"dailyUsers":12889,"updateDate":1471406853000,"supportURL":"https://github.com/mozilla/loop/blob/master/README.md#issues"},{"id":"{d10d0bf8-f5b5-c8b4-a8b2-2b9879e08c5d}","icons":{"32":"https://addons.cdn.mozilla.net/user-media/addon_icons/1/1865-32.png?modified=1461831616","64":"https://addons.cdn.mozilla.net/user-media/addon_icons/1/1865-64.png?modified=1461831616"},"name":"Adblock Plus","type":"extension","version":"2.7.3","repositoryStatus":4,"creator":{"name":"Wladimir Palant","url":"https://addons.mozilla.org/zh-CN/firefox/user/Wladimir-Palant/?src=api"},"description":"被广告弄得搓火吗？被跟随鼠标的标语弄得烦心吗？被横幅弄得感到厌恶吗？立即安装 Adblock Plus 来重新取得 Internet 的控制权并且改变您浏览网页的方式。\n\n在 http://www.youtube.com/watch?v=oNvb2SjVjjI 上有简短的视频可供参考","fullDescription":"Adblock Plus 让您重新取得 Internet 的控制权和您查看网页的方式。本附加组件支持多语言，有超过40个的过滤规则订阅，这些过滤规则会进行自动配置，为您过滤所有来自已知有恶意域的在线广告。Adblock Plus 也允许您通过各种有用的特性来自定义您的过滤规则，这些特性包括：图片的右键菜单、Flash 和 Java 对象的过滤标签、用于移除脚本和样式表的可过滤项目列表。","isPlatformCompatible":true,"eula":null,"screenshots":[{"url":"https://addons.cdn.mozilla.net/user-media/previews/full/137/137084.png?src=api&modified=1401935427","width":"700","height":"521","thumbnailURL":"https://addons.cdn.mozilla.net/user-media/previews/thumbs/137/137084.png?src=api&modified=1401935427","thumbnailWidth":"200","thumbnailHeight":"149","caption":"Easily remove all annoying ads from Firefox."},{"url":"https://addons.cdn.mozilla.net/user-media/previews/full/137/137086.png?src=api&modified=1401935427","width":"700","height":"521","thumbnailURL":"https://addons.cdn.mozilla.net/user-media/previews/thumbs/137/137086.png?src=api&modified=1401935427","thumbnailWidth":"200","thumbnailHeight":"149","caption":"Adblock Plus can do more than adblocking. Enable powerful features in one click."},{"url":"https://addons.cdn.mozilla.net/user-media/previews/full/137/137088.png?src=api&modified=1401935427","width":"700","height":"521","thumbnailURL":"https://addons.cdn.mozilla.net/user-media/previews/thumbs/137/137088.png?src=api&modified=1401935427","thumbnailWidth":"200","thumbnailHeight":"149","caption":"Clean up your Facebook experience with Adblock Plus."},{"url":"https://addons.cdn.mozilla.net/user-media/previews/full/137/137090.png?src=api&modified=1401935427","width":"700","height":"521","thumbnailURL":"https://addons.cdn.mozilla.net/user-media/previews/thumbs/137/137090.png?src=api&modified=1401935427","thumbnailWidth":"200","thumbnailHeight":"149","caption":"Adblock Plus even removes those annoying 30-second video ads on YouTube."},{"url":"https://addons.cdn.mozilla.net/user-media/previews/full/137/137092.png?src=api&modified=1401935427","width":"700","height":"521","thumbnailURL":"https://addons.cdn.mozilla.net/user-media/previews/thumbs/137/137092.png?src=api&modified=1401935427","thumbnailWidth":"200","thumbnailHeight":"149","caption":"Remove all annoying blinking banners!"},{"url":"https://addons.cdn.mozilla.net/user-media/previews/full/137/137094.png?src=api&modified=1401935427","width":"700","height":"521","thumbnailURL":"https://addons.cdn.mozilla.net/user-media/previews/thumbs/137/137094.png?src=api&modified=1401935427","thumbnailWidth":"200","thumbnailHeight":"149","caption":"Browse the web as it once used to be."},{"url":"https://addons.cdn.mozilla.net/user-media/previews/full/137/137096.png?src=api&modified=1401935427","width":"700","height":"521","thumbnailURL":"https://addons.cdn.mozilla.net/user-media/previews/thumbs/137/137096.png?src=api&modified=1401935427","thumbnailWidth":"200","thumbnailHeight":"149","caption":"Please help us by reporting bugs."},{"url":"https://addons.cdn.mozilla.net/user-media/previews/full/137/137098.png?src=api&modified=1401935427","width":"700","height":"521","thumbnailURL":"https://addons.cdn.mozilla.net/user-media/previews/thumbs/137/137098.png?src=api&modified=1401935427","thumbnailWidth":"200","thumbnailHeight":"149","caption":"You can even create your own blocking lists to customize the web to your exact needs."}],"averageRating":5,"learnmoreURL":"https://addons.mozilla.org/zh-CN/firefox/addon/adblock-plus/?src=api","homepageURL":"https://adblockplus.org/","sourceURI":"https://addons.mozilla.org/firefox/downloads/file/431267/adblock_plus-2.7.3-sm+tb+fx+an.xpi?src=api","size":1036367,"contributionURL":"https://addons.mozilla.org/zh-CN/firefox/addon/adblock-plus/developers?src=api","contributionAmount":"US$5.00","developerComments":null,"reviewURL":"https://addons.mozilla.org/zh-CN/firefox/addon/adblock-plus/reviews/?src=api","reviewCount":4853,"totalDownloads":420478021,"weeklyDownloads":1173788,"dailyUsers":20068237,"updateDate":1461830676000,"supportURL":"http://adblockplus.org/forum/"},{"id":"{4BBDD651-70CF-4821-84F8-2B918CF89CA3}","icons":{"32":"https://addons.cdn.mozilla.net/user-media/addon_icons/2/2109-32.png?modified=1461955629","64":"https://addons.cdn.mozilla.net/user-media/addon_icons/2/2109-64.png?modified=1461955629"},"name":"FEBE","type":"extension","version":"8.9.2","repositoryStatus":4,"creator":{"name":"Chuck_Baker","url":"https://addons.mozilla.org/zh-CN/firefox/user/chuck_baker/?src=api"},"description":"FEBE (Firefox Environment Backup Extension) 允许您快速便捷地备份您的 Firefox 扩展。实际上，它不单纯备份扩展 -- 它可以将您的扩展打包为可安装的 .xpi 文件，这样您就可以方便地在您办公室和家里的浏览器之间进行同步。","fullDescription":"FEBE 可以有选择地备份您的扩展、主题、书签、首选项、密码、cookies 和 Firefox 提供的其他所有文件，它甚至可以备份及还原您的整个配置文件。\n\n特性：\n\n* 按每日、每周或每月进行定时自动备份。\n* 将备份文件保存在以时间戳格式命名的文件夹中以便于区分备份是何时创建的。您可以指定要保留的文件夹数目，FEBE 将删除早期备份的文件夹。\n* 备份提醒。如果在指定天数内未进行备份，FEBE 将自动提醒您进行备份。\n* 完整的备份结果报告，您可以点击其中的链接访问相应开发者的扩展/主题的主页。\n* 用户自定义备份。备份 Firefox 或其他程序任意的文件或文件夹，您只要指定要备份的内容，FEBE 将帮您完成剩余的工作。\n* 内建帮助文件。只要点击 FEBE 选项中的蓝色信息图标即可查阅相应帮助。\n* FEBE 6.0 使用了原生的 Firefox zip/unzip 组件。较 FEBE 的以往版本基于外部的、第三方的组件更加快速。\n* 只需点击一下就可以自动将备份文件上传到您的 Box.net 帐户中。(FEBE 6.0)\n* 验证您的扩展目录。升级到 Fx 3.0 时可能在扩展目录中留下一些无用的文件，FEBE 将帮您清除这些文件。 (FEBE 6.0)\n* 快速备份。您可以按照您的喜好快速备份任意数目的扩展/主题并将其打包为单一的、可安装的 xpi 文件（类似 CLEO）。 (FEBE 6.0)\n* 以及更多的新特性！","isPlatformCompatible":true,"eula":null,"screenshots":[{"url":"https://addons.cdn.mozilla.net/user-media/previews/full/137/137500.png?src=api&modified=1402499848","width":"700","height":"275","thumbnailURL":"https://addons.cdn.mozilla.net/user-media/previews/thumbs/137/137500.png?src=api&modified=1402499848","thumbnailWidth":"200","thumbnailHeight":"78","caption":"FEBE's functions can be accessed from the Tools menu or from any toolbar you move the icon to."},{"url":"https://addons.cdn.mozilla.net/user-media/previews/full/137/137506.png?src=api&modified=1402499848","width":"540","height":"525","thumbnailURL":"https://addons.cdn.mozilla.net/user-media/previews/thumbs/137/137506.png?src=api&modified=1402499848","thumbnailWidth":"154","thumbnailHeight":"150","caption":"You can have FEBE backup on a daily, weekly, or monthly schedule.  Even automatically backup on browser startup and/or shutdown.  FEBE can remind you if a backup was missed."},{"url":"https://addons.cdn.mozilla.net/user-media/previews/full/137/137504.png?src=api&modified=1402499848","width":"581","height":"525","thumbnailURL":"https://addons.cdn.mozilla.net/user-media/previews/thumbs/137/137504.png?src=api&modified=1402499848","thumbnailWidth":"166","thumbnailHeight":"150","caption":"FEBE can backup and restore your entire profile or just individual parts."},{"url":"https://addons.cdn.mozilla.net/user-media/previews/full/137/137508.png?src=api&modified=1402499848","width":"581","height":"525","thumbnailURL":"https://addons.cdn.mozilla.net/user-media/previews/thumbs/137/137508.png?src=api&modified=1402499848","thumbnailWidth":"166","thumbnailHeight":"150","caption":"FEBE can  timestamp your backup folders and keep as many backups as you like.  You can also have older backups removed, keeping a fixed number of backups."},{"url":"https://addons.cdn.mozilla.net/user-media/previews/full/137/137490.png?src=api&modified=1402499848","width":"540","height":"525","thumbnailURL":"https://addons.cdn.mozilla.net/user-media/previews/thumbs/137/137490.png?src=api&modified=1402499848","thumbnailWidth":"154","thumbnailHeight":"150","caption":"There are many ways to configure FEBE."},{"url":"https://addons.cdn.mozilla.net/user-media/previews/full/86/86064.png?src=api&modified=1402499848","width":"389","height":"519","thumbnailURL":"https://addons.cdn.mozilla.net/user-media/previews/thumbs/86/86064.png?src=api&modified=1402499848","thumbnailWidth":"112","thumbnailHeight":"150","caption":"FEBE has extensive help files.  Just click the blue \"i\" icons available throughout FEBE option screens."},{"url":"https://addons.cdn.mozilla.net/user-media/previews/full/137/137474.png?src=api&modified=1402499848","width":"540","height":"525","thumbnailURL":"https://addons.cdn.mozilla.net/user-media/previews/thumbs/137/137474.png?src=api&modified=1402499848","thumbnailWidth":"154","thumbnailHeight":"150","caption":"FEBE will display the location of several important Firefox directories.  You can explore them from this pane."},{"url":"https://addons.cdn.mozilla.net/user-media/previews/full/137/137476.png?src=api&modified=1402499848","width":"540","height":"525","thumbnailURL":"https://addons.cdn.mozilla.net/user-media/previews/thumbs/137/137476.png?src=api&modified=1402499848","thumbnailWidth":"154","thumbnailHeight":"150","caption":"FEBE can be put in 'debug' mode to help solve particular installation issues."},{"url":"https://addons.cdn.mozilla.net/user-media/previews/full/137/137478.png?src=api&modified=1402499848","width":"540","height":"525","thumbnailURL":"https://addons.cdn.mozilla.net/user-media/previews/thumbs/137/137478.png?src=api&modified=1402499848","thumbnailWidth":"154","thumbnailHeight":"150","caption":"If you don't like the default FEBE sounds, you can specify any .ogg sound file to play instead."},{"url":"https://addons.cdn.mozilla.net/user-media/previews/full/137/137480.png?src=api&modified=1402499848","width":"540","height":"525","thumbnailURL":"https://addons.cdn.mozilla.net/user-media/previews/thumbs/137/137480.png?src=api&modified=1402499848","thumbnailWidth":"154","thumbnailHeight":"150","caption":"FEBE offers many tools to help debug problems."},{"url":"https://addons.cdn.mozilla.net/user-media/previews/full/137/137482.png?src=api&modified=1402499848","width":"540","height":"525","thumbnailURL":"https://addons.cdn.mozilla.net/user-media/previews/thumbs/137/137482.png?src=api&modified=1402499848","thumbnailWidth":"154","thumbnailHeight":"150","caption":"FEBE supports Dropbox(tm)"},{"url":"https://addons.cdn.mozilla.net/user-media/previews/full/137/137484.png?src=api&modified=1402499848","width":"540","height":"525","thumbnailURL":"https://addons.cdn.mozilla.net/user-media/previews/thumbs/137/137484.png?src=api&modified=1402499848","thumbnailWidth":"154","thumbnailHeight":"150","caption":"You can specify other backup locations like external drives or WebDAV drives."},{"url":"https://addons.cdn.mozilla.net/user-media/previews/full/137/137486.png?src=api&modified=1402499848","width":"379","height":"251","thumbnailURL":"https://addons.cdn.mozilla.net/user-media/previews/thumbs/137/137486.png?src=api&modified=1402499848","thumbnailWidth":"200","thumbnailHeight":"132","caption":"FEBE can perform on-demand delayed backups. You can set one or more one-time backups for a time you know the browser won't be in use."},{"url":"https://addons.cdn.mozilla.net/user-media/previews/full/137/137492.png?src=api&modified=1402499848","width":"581","height":"525","thumbnailURL":"https://addons.cdn.mozilla.net/user-media/previews/thumbs/137/137492.png?src=api&modified=1402499848","thumbnailWidth":"166","thumbnailHeight":"150","caption":"You can have FEBE ignore certain extensions/themes for backing up."},{"url":"https://addons.cdn.mozilla.net/user-media/previews/full/137/137496.png?src=api&modified=1402499848","width":"459","height":"464","thumbnailURL":"https://addons.cdn.mozilla.net/user-media/previews/thumbs/137/137496.png?src=api&modified=1402499848","thumbnailWidth":"148","thumbnailHeight":"150","caption":"FEBE can perform quick on-demand 'quick' backups and even store them in a single, installable xpi file"},{"url":"https://addons.cdn.mozilla.net/user-media/previews/full/137/137498.png?src=api&modified=1402499848","width":"376","height":"367","thumbnailURL":"https://addons.cdn.mozilla.net/user-media/previews/thumbs/137/137498.png?src=api&modified=1402499848","thumbnailWidth":"154","thumbnailHeight":"150","caption":"FEBE can restore a profile into an existing one or you can create a brand new one."},{"url":"https://addons.cdn.mozilla.net/user-media/previews/full/137/137502.png?src=api&modified=1402499848","width":"581","height":"525","thumbnailURL":"https://addons.cdn.mozilla.net/user-media/previews/thumbs/137/137502.png?src=api&modified=1402499848","thumbnailWidth":"166","thumbnailHeight":"150","caption":"You can setup user-defined backups to backup/restore virtually any file on your computer"},{"url":"https://addons.cdn.mozilla.net/user-media/previews/full/137/137494.png?src=api&modified=1402499848","width":"540","height":"525","thumbnailURL":"https://addons.cdn.mozilla.net/user-media/previews/thumbs/137/137494.png?src=api&modified=1402499848","thumbnailWidth":"154","thumbnailHeight":"150","caption":"Version and other information pane including links to my other extensions."}],"averageRating":4,"learnmoreURL":"https://addons.mozilla.org/zh-CN/firefox/addon/febe/?src=api","homepageURL":"http://customsoftwareconsult.com/extensions/index.html","sourceURI":"https://addons.mozilla.org/firefox/downloads/file/417058/febe-8.9.2-fx.xpi?src=api","size":1296981,"contributionURL":"https://addons.mozilla.org/zh-CN/firefox/addon/febe/developers?src=api","contributionAmount":"US$5.00","developerComments":"*** SUPPORT LINKS ***\nExtension home: http://SoftwareByChuck.com\nSupport forum: http://support.SoftwareByChuck.com","reviewURL":"https://addons.mozilla.org/zh-CN/firefox/addon/febe/reviews/?src=api","reviewCount":660,"totalDownloads":6449915,"weeklyDownloads":2714,"dailyUsers":108508,"updateDate":1458945640000,"supportURL":"http://www.customsoftwareconsult.com/phpBB2/index.php"}]}