{"schemaVersion":17,"addons":[{"id":"rest-easy@quickmediasolutions.com","syncGUID":"C_vqnw85sFGD","location":"app-profile","version":"0.3.1.1-signed","type":"extension","internalName":null,"updateURL":null,"updateKey":null,"optionsURL":null,"optionsType":null,"aboutURL":null,"icons":{"32":"icon.png","48":"icon.png"},"iconURL":null,"icon64URL":null,"defaultLocale":{"name":"REST Easy","description":"A simple REST client for Firefox","creator":"Nathan Osman","homepageURL":"https://github.com/nathan-osman/REST-Easy"},"visible":true,"active":true,"userDisabled":false,"appDisabled":false,"descriptor":"D:\\software\\Firefox\\Data\\Firefox\\extensions\\rest-easy@quickmediasolutions.com.xpi","installDate":1446616138537,"updateDate":1465285631352,"applyBackgroundUpdates":1,"bootstrap":true,"skinnable":false,"size":1251423,"sourceURI":"https://addons.cdn.mozilla.net/user-media/addons/470881/rest_easy-0.3.1-fx.xpi?filehash=sha256%3Af20e435c7132209de0ce035cd248437ae0cb5bee5d5b3744dde0f28a770aab15","releaseNotesURI":"https://addons.mozilla.org/versions/updateInfo/1666328/zh-CN/","softDisabled":false,"foreignInstall":false,"hasBinaryComponents":false,"strictCompatibility":false,"locales":[],"targetApplications":[{"id":"{ec8030f7-c20a-464f-9b0e-13a3a9e97384}","minVersion":"29.0","maxVersion":"46.*"}],"targetPlatforms":[],"multiprocessCompatible":false,"signedState":2,"seen":true},{"id":"{d10d0bf8-f5b5-c8b4-a8b2-2b9879e08c5d}","syncGUID":"IZ_RuuOhXRFB","location":"app-profile","version":"2.7.3","type":"extension","internalName":null,"updateURL":null,"updateKey":null,"optionsURL":"chrome://adblockplus/content/ui/settings.xul","optionsType":"2","aboutURL":null,"icons":{"32":"icon.png","48":"icon.png","64":"icon64.png"},"iconURL":null,"icon64URL":null,"defaultLocale":{"name":"Adblock Plus","description":"Ads were yesterday!","creator":"Wladimir Palant","homepageURL":"http://adblockplus.org/","contributors":["Claude Lespagnol aka Efdur","Nickolay Ponomarev","Kevin Keller","Fabrice Desré","Hubird","Günther Beyer (opoloo.de)","Algimantas Margevičius","anonymous74100","BsT","Crits","Famlam","fanboy","heradhis","John","Khrin","Lain_13","Li","Lian","MenetZ","MonztA","smed79","tomasko126","Zoso","Александър Станев"]},"visible":true,"active":true,"userDisabled":false,"appDisabled":false,"descriptor":"D:\\software\\Firefox\\Data\\Firefox\\extensions\\{d10d0bf8-f5b5-c8b4-a8b2-2b9879e08c5d}.xpi","installDate":1446616183284,"updateDate":1465285634013,"applyBackgroundUpdates":1,"bootstrap":true,"skinnable":false,"size":2688645,"sourceURI":"https://addons.cdn.mozilla.net/user-media/addons/1865/adblock_plus-2.7.3-sm+tb+fx+an.xpi?filehash=sha256%3Aa9f98421d7b4da931fa1fd09796b2ee9bb917ee5049e69f648c8f3584f494112","releaseNotesURI":"https://addons.mozilla.org/versions/updateInfo/1854879/zh-CN/","softDisabled":false,"foreignInstall":false,"hasBinaryComponents":false,"strictCompatibility":false,"locales":[{"locales":["ar"],"name":"آدبلوك بلس","description":"الإعلانات أصبحت من الأمس!","creator":"Wladimir Palant","homepageURL":"http://adblockplus.org/ar/","translators":["فلاديمير بلنت"],"contributors":["Claude Lespagnol aka Efdur","Nickolay Ponomarev","Kevin Keller","Fabrice Desré","Hubird","Günther Beyer (opoloo.de)","Algimantas Margevičius","anonymous74100","BsT","Crits","Famlam","fanboy","heradhis","John","Khrin","Lain_13","Li","Lian","MenetZ","MonztA","smed79","tomasko126","Zoso","Александър Станев"]},{"locales":["az"],"name":"Adblock Plus","description":"Bezdirici reklamlara əlvida!","creator":"Wladimir Palant","homepageURL":"http://adblockplus.org/","contributors":["Claude Lespagnol aka Efdur","Nickolay Ponomarev","Kevin Keller","Fabrice Desré","Hubird","Günther Beyer (opoloo.de)","Algimantas Margevičius","anonymous74100","BsT","Crits","Famlam","fanboy","heradhis","John","Khrin","Lain_13","Li","Lian","MenetZ","MonztA","smed79","tomasko126","Zoso","Александър Станев"]},{"locales":["bg"],"name":"Adblock Plus","description":"Рекламите са минало!","creator":"Wladimir Palant","homepageURL":"http://adblockplus.org/","translators":["Николай Филипов"],"contributors":["Claude Lespagnol aka Efdur","Nickolay Ponomarev","Kevin Keller","Fabrice Desré","Hubird","Günther Beyer (opoloo.de)","Algimantas Margevičius","anonymous74100","BsT","Crits","Famlam","fanboy","heradhis","John","Khrin","Lain_13","Li","Lian","MenetZ","MonztA","smed79","tomasko126","Zoso","Александър Станев"]},{"locales":["ca"],"name":"Adblock Plus","description":"Els anuncis eren ahir","creator":"Wladimir Palant","homepageURL":"http://adblockplus.org/","translators":["BennyBeat","CatTranslations","el_libre","Toni Barrera"],"contributors":["Claude Lespagnol aka Efdur","Nickolay Ponomarev","Kevin Keller","Fabrice Desré","Hubird","Günther Beyer (opoloo.de)","Algimantas Margevičius","anonymous74100","BsT","Crits","Famlam","fanboy","heradhis","John","Khrin","Lain_13","Li","Lian","MenetZ","MonztA","smed79","tomasko126","Zoso","Александър Станев"]},{"locales":["cs"],"name":"Adblock Plus","description":"A reklamy jsou minulostí!","creator":"Wladimir Palant","homepageURL":"http://adblockplus.org/","translators":["Jakub Tománek"],"contributors":["Claude Lespagnol aka Efdur","Nickolay Ponomarev","Kevin Keller","Fabrice Desré","Hubird","Günther Beyer (opoloo.de)","Algimantas Margevičius","anonymous74100","BsT","Crits","Famlam","fanboy","heradhis","John","Khrin","Lain_13","Li","Lian","MenetZ","MonztA","smed79","tomasko126","Zoso","Александър Станев"]},{"locales":["cy"],"name":"Adblock Plus","description":"Mae hysbysebion yn perthyn i'r oes o'r blaen!","creator":"Wladimir Palant","homepageURL":"http://adblockplus.org/","translators":["Ciaran S","Wladimir Palant"],"contributors":["Claude Lespagnol aka Efdur","Nickolay Ponomarev","Kevin Keller","Fabrice Desré","Hubird","Günther Beyer (opoloo.de)","Algimantas Margevičius","anonymous74100","BsT","Crits","Famlam","fanboy","heradhis","John","Khrin","Lain_13","Li","Lian","MenetZ","MonztA","smed79","tomasko126","Zoso","Александър Станев"]},{"locales":["da"],"name":"Adblock Plus","description":"Reklamer er fortid!","creator":"Wladimir Palant","homepageURL":"http://adblockplus.org/","translators":["AlleyKat","Regmos"],"contributors":["Claude Lespagnol aka Efdur","Nickolay Ponomarev","Kevin Keller","Fabrice Desré","Hubird","Günther Beyer (opoloo.de)","Algimantas Margevičius","anonymous74100","BsT","Crits","Famlam","fanboy","heradhis","John","Khrin","Lain_13","Li","Lian","MenetZ","MonztA","smed79","tomasko126","Zoso","Александър Станев"]},{"locales":["de"],"name":"Adblock Plus","description":"Werbung war gestern!","creator":"Wladimir Palant","homepageURL":"http://adblockplus.org/de/","translators":["Wladimir Palant"],"contributors":["Claude Lespagnol aka Efdur","Nickolay Ponomarev","Kevin Keller","Fabrice Desré","Hubird","Günther Beyer (opoloo.de)","Algimantas Margevičius","anonymous74100","BsT","Crits","Famlam","fanboy","heradhis","John","Khrin","Lain_13","Li","Lian","MenetZ","MonztA","smed79","tomasko126","Zoso","Александър Станев"]},{"locales":["dsb"],"name":"Adblock Plus","description":"Wabjenje jo cora było!","creator":"Wladimir Palant","homepageURL":"http://adblockplus.org/","translators":["milupo"],"contributors":["Claude Lespagnol aka Efdur","Nickolay Ponomarev","Kevin Keller","Fabrice Desré","Hubird","Günther Beyer (opoloo.de)","Algimantas Margevičius","anonymous74100","BsT","Crits","Famlam","fanboy","heradhis","John","Khrin","Lain_13","Li","Lian","MenetZ","MonztA","smed79","tomasko126","Zoso","Александър Станев"]},{"locales":["el"],"name":"Adblock Plus","description":"Αφήστε τις διαφημίσεις στο χθες!","creator":"Wladimir Palant","homepageURL":"http://adblockplus.org/","translators":["rookie"],"contributors":["Claude Lespagnol aka Efdur","Nickolay Ponomarev","Kevin Keller","Fabrice Desré","Hubird","Günther Beyer (opoloo.de)","Algimantas Margevičius","anonymous74100","BsT","Crits","Famlam","fanboy","heradhis","John","Khrin","Lain_13","Li","Lian","MenetZ","MonztA","smed79","tomasko126","Zoso","Александър Станев"]},{"locales":["en-GB"],"name":"Adblock Plus","description":"Ads were yesterday!","creator":"Wladimir Palant","homepageURL":"http://adblockplus.org/en/","translators":["Mark Tyndall"],"contributors":["Claude Lespagnol aka Efdur","Nickolay Ponomarev","Kevin Keller","Fabrice Desré","Hubird","Günther Beyer (opoloo.de)","Algimantas Margevičius","anonymous74100","BsT","Crits","Famlam","fanboy","heradhis","John","Khrin","Lain_13","Li","Lian","MenetZ","MonztA","smed79","tomasko126","Zoso","Александър Станев"]},{"locales":["en-US"],"name":"Adblock Plus","description":"Ads were yesterday!","creator":"Wladimir Palant","homepageURL":"http://adblockplus.org/en/","translators":["Wladimir Palant"],"contributors":["Claude Lespagnol aka Efdur","Nickolay Ponomarev","Kevin Keller","Fabrice Desré","Hubird","Günther Beyer (opoloo.de)","Algimantas Margevičius","anonymous74100","BsT","Crits","Famlam","fanboy","heradhis","John","Khrin","Lain_13","Li","Lian","MenetZ","MonztA","smed79","tomasko126","Zoso","Александър Станев"]},{"locales":["en-ZA"],"name":"Adblock Plus","description":"Ads were yesterday!","creator":"Wladimir Palant","homepageURL":"http://adblockplus.org/en/","contributors":["Claude Lespagnol aka Efdur","Nickolay Ponomarev","Kevin Keller","Fabrice Desré","Hubird","Günther Beyer (opoloo.de)","Algimantas Margevičius","anonymous74100","BsT","Crits","Famlam","fanboy","heradhis","John","Khrin","Lain_13","Li","Lian","MenetZ","MonztA","smed79","tomasko126","Zoso","Александър Станев"]},{"locales":["eo"],"name":"Adblock Plus","description":"Reklamoj estis hieraŭ!","creator":"Wladimir Palant","homepageURL":"http://adblockplus.org/","translators":["Wladimir PALANT"],"contributors":["Claude Lespagnol aka Efdur","Nickolay Ponomarev","Kevin Keller","Fabrice Desré","Hubird","Günther Beyer (opoloo.de)","Algimantas Margevičius","anonymous74100","BsT","Crits","Famlam","fanboy","heradhis","John","Khrin","Lain_13","Li","Lian","MenetZ","MonztA","smed79","tomasko126","Zoso","Александър Станев"]},{"locales":["es-AR"],"name":"Adblock Plus","description":"¡La publicidad es cosa del pasado!","creator":"Wladimir Palant","homepageURL":"http://adblockplus.org/es/","translators":["KNTRO"],"contributors":["Claude Lespagnol aka Efdur","Nickolay Ponomarev","Kevin Keller","Fabrice Desré","Hubird","Günther Beyer (opoloo.de)","Algimantas Margevičius","anonymous74100","BsT","Crits","Famlam","fanboy","heradhis","John","Khrin","Lain_13","Li","Lian","MenetZ","MonztA","smed79","tomasko126","Zoso","Александър Станев"]},{"locales":["es-CL"],"name":"Adblock Plus","description":"Los anuncios fueron ayer!","creator":"Wladimir Palant","homepageURL":"http://adblockplus.org/es/","translators":["Wladimir Palant"],"contributors":["Claude Lespagnol aka Efdur","Nickolay Ponomarev","Kevin Keller","Fabrice Desré","Hubird","Günther Beyer (opoloo.de)","Algimantas Margevičius","anonymous74100","BsT","Crits","Famlam","fanboy","heradhis","John","Khrin","Lain_13","Li","Lian","MenetZ","MonztA","smed79","tomasko126","Zoso","Александър Станев"]},{"locales":["es-ES"],"name":"Adblock Plus","description":"La publicidad es cosa del ayer","creator":"Wladimir Palant","homepageURL":"http://adblockplus.org/es/","translators":["Urko"],"contributors":["Claude Lespagnol aka Efdur","Nickolay Ponomarev","Kevin Keller","Fabrice Desré","Hubird","Günther Beyer (opoloo.de)","Algimantas Margevičius","anonymous74100","BsT","Crits","Famlam","fanboy","heradhis","John","Khrin","Lain_13","Li","Lian","MenetZ","MonztA","smed79","tomasko126","Zoso","Александър Станев"]},{"locales":["es-MX"],"name":"Adblock Plus","description":"Los Anuncios son cosa del Ayer!","creator":"Wladimir Palant","homepageURL":"http://adblockplus.org/es/","translators":["Francisco Alvarado","Ninnetyer","poz2k4444"],"contributors":["Claude Lespagnol aka Efdur","Nickolay Ponomarev","Kevin Keller","Fabrice Desré","Hubird","Günther Beyer (opoloo.de)","Algimantas Margevičius","anonymous74100","BsT","Crits","Famlam","fanboy","heradhis","John","Khrin","Lain_13","Li","Lian","MenetZ","MonztA","smed79","tomasko126","Zoso","Александър Станев"]},{"locales":["et"],"name":"Adblock Plus","description":"Reklaamid on nüüd eilne päev!","creator":"Wladimir Palant","homepageURL":"http://adblockplus.org/","translators":["Aivo Kuhlberg"],"contributors":["Claude Lespagnol aka Efdur","Nickolay Ponomarev","Kevin Keller","Fabrice Desré","Hubird","Günther Beyer (opoloo.de)","Algimantas Margevičius","anonymous74100","BsT","Crits","Famlam","fanboy","heradhis","John","Khrin","Lain_13","Li","Lian","MenetZ","MonztA","smed79","tomasko126","Zoso","Александър Станев"]},{"locales":["eu"],"name":"Adblock Plus","description":"Iragarkiak atzoko kontuak dira!","creator":"Wladimir Palant","homepageURL":"http://adblockplus.org/","translators":["Librezale.org"],"contributors":["Claude Lespagnol aka Efdur","Nickolay Ponomarev","Kevin Keller","Fabrice Desré","Hubird","Günther Beyer (opoloo.de)","Algimantas Margevičius","anonymous74100","BsT","Crits","Famlam","fanboy","heradhis","John","Khrin","Lain_13","Li","Lian","MenetZ","MonztA","smed79","tomasko126","Zoso","Александър Станев"]},{"locales":["fa"],"name":"Adblock Plus","description":"تبلیغت متعلق به دیروز بود!","creator":"Wladimir Palant","homepageURL":"http://adblockplus.org/","translators":["از طرف Wladimir Palant"],"contributors":["Claude Lespagnol aka Efdur","Nickolay Ponomarev","Kevin Keller","Fabrice Desré","Hubird","Günther Beyer (opoloo.de)","Algimantas Margevičius","anonymous74100","BsT","Crits","Famlam","fanboy","heradhis","John","Khrin","Lain_13","Li","Lian","MenetZ","MonztA","smed79","tomasko126","Zoso","Александър Станев"]},{"locales":["fi"],"name":"Adblock Plus","description":"Mainokset ovat menneisyyttä!","creator":"Wladimir Palant","homepageURL":"http://adblockplus.org/","translators":["haavu","Joni Heinonen"],"contributors":["Claude Lespagnol aka Efdur","Nickolay Ponomarev","Kevin Keller","Fabrice Desré","Hubird","Günther Beyer (opoloo.de)","Algimantas Margevičius","anonymous74100","BsT","Crits","Famlam","fanboy","heradhis","John","Khrin","Lain_13","Li","Lian","MenetZ","MonztA","smed79","tomasko126","Zoso","Александър Станев"]},{"locales":["fr"],"name":"Adblock Plus","description":"Les publicités, c'est du passé !","creator":"Wladimir Palant","homepageURL":"http://adblockplus.org/fr/","translators":["Dagobert_78","Jim Courbron","jojaba","pirlouy"],"contributors":["Claude Lespagnol aka Efdur","Nickolay Ponomarev","Kevin Keller","Fabrice Desré","Hubird","Günther Beyer (opoloo.de)","Algimantas Margevičius","anonymous74100","BsT","Crits","Famlam","fanboy","heradhis","John","Khrin","Lain_13","Li","Lian","MenetZ","MonztA","smed79","tomasko126","Zoso","Александър Станев"]},{"locales":["fy-NL"],"name":"Adblock Plus","description":"Fan no ôf gjin reklames mear!","creator":"Wladimir Palant","homepageURL":"http://adblockplus.org/","translators":["Wim Benes"],"contributors":["Claude Lespagnol aka Efdur","Nickolay Ponomarev","Kevin Keller","Fabrice Desré","Hubird","Günther Beyer (opoloo.de)","Algimantas Margevičius","anonymous74100","BsT","Crits","Famlam","fanboy","heradhis","John","Khrin","Lain_13","Li","Lian","MenetZ","MonztA","smed79","tomasko126","Zoso","Александър Станев"]},{"locales":["gl"],"name":"Adblock Plus","description":"A publicidade é o que lle doe!","creator":"Wladimir Palant","homepageURL":"http://adblockplus.org/","translators":["Jesús Olano","Manuel Meixide"],"contributors":["Claude Lespagnol aka Efdur","Nickolay Ponomarev","Kevin Keller","Fabrice Desré","Hubird","Günther Beyer (opoloo.de)","Algimantas Margevičius","anonymous74100","BsT","Crits","Famlam","fanboy","heradhis","John","Khrin","Lain_13","Li","Lian","MenetZ","MonztA","smed79","tomasko126","Zoso","Александър Станев"]},{"locales":["he"],"name":"Adblock Plus","description":"הפרסומות שייכות לעבר!","creator":"Wladimir Palant","homepageURL":"http://adblockplus.org/he/","translators":["catcat","SiiiE"],"contributors":["Claude Lespagnol aka Efdur","Nickolay Ponomarev","Kevin Keller","Fabrice Desré","Hubird","Günther Beyer (opoloo.de)","Algimantas Margevičius","anonymous74100","BsT","Crits","Famlam","fanboy","heradhis","John","Khrin","Lain_13","Li","Lian","MenetZ","MonztA","smed79","tomasko126","Zoso","Александър Станев"]},{"locales":["hr"],"name":"Adblock Plus","description":"Reklame su prošlost!","creator":"Wladimir Palant","homepageURL":"http://adblockplus.org/","translators":["gogo"],"contributors":["Claude Lespagnol aka Efdur","Nickolay Ponomarev","Kevin Keller","Fabrice Desré","Hubird","Günther Beyer (opoloo.de)","Algimantas Margevičius","anonymous74100","BsT","Crits","Famlam","fanboy","heradhis","John","Khrin","Lain_13","Li","Lian","MenetZ","MonztA","smed79","tomasko126","Zoso","Александър Станев"]},{"locales":["hsb"],"name":"Adblock Plus","description":"Reklama bě wčera!","creator":"Wladimir Palant","homepageURL":"http://adblockplus.org/","translators":["Milupo"],"contributors":["Claude Lespagnol aka Efdur","Nickolay Ponomarev","Kevin Keller","Fabrice Desré","Hubird","Günther Beyer (opoloo.de)","Algimantas Margevičius","anonymous74100","BsT","Crits","Famlam","fanboy","heradhis","John","Khrin","Lain_13","Li","Lian","MenetZ","MonztA","smed79","tomasko126","Zoso","Александър Станев"]},{"locales":["hu"],"name":"Adblock Plus","description":"A reklám a múlté!","creator":"Wladimir Palant","homepageURL":"http://adblockplus.org/","translators":["Gárdonyi László","Mikes Kaszmán István"],"contributors":["Claude Lespagnol aka Efdur","Nickolay Ponomarev","Kevin Keller","Fabrice Desré","Hubird","Günther Beyer (opoloo.de)","Algimantas Margevičius","anonymous74100","BsT","Crits","Famlam","fanboy","heradhis","John","Khrin","Lain_13","Li","Lian","MenetZ","MonztA","smed79","tomasko126","Zoso","Александър Станев"]},{"locales":["hy-AM"],"name":"Adblock Plus","description":"Գովազդները երեկ էին!","creator":"Wladimir Palant","homepageURL":"http://adblockplus.org/","translators":["iAbaS"],"contributors":["Claude Lespagnol aka Efdur","Nickolay Ponomarev","Kevin Keller","Fabrice Desré","Hubird","Günther Beyer (opoloo.de)","Algimantas Margevičius","anonymous74100","BsT","Crits","Famlam","fanboy","heradhis","John","Khrin","Lain_13","Li","Lian","MenetZ","MonztA","smed79","tomasko126","Zoso","Александър Станев"]},{"locales":["id"],"name":"Adblock Plus","description":"Iklan sudah menjadi masa lalu!","creator":"Wladimir Palant","homepageURL":"http://adblockplus.org/","translators":["RudzLong","William Surya Permana","Wladimir Palant"],"contributors":["Claude Lespagnol aka Efdur","Nickolay Ponomarev","Kevin Keller","Fabrice Desré","Hubird","Günther Beyer (opoloo.de)","Algimantas Margevičius","anonymous74100","BsT","Crits","Famlam","fanboy","heradhis","John","Khrin","Lain_13","Li","Lian","MenetZ","MonztA","smed79","tomasko126","Zoso","Александър Станев"]},{"locales":["is"],"name":"Adblock Plus","description":"Auglýsingar eru hluti af fortíðinni!","creator":"Wladimir Palant","homepageURL":"http://adblockplus.org/","translators":["Kristján Bjarni Guðmundsson"],"contributors":["Claude Lespagnol aka Efdur","Nickolay Ponomarev","Kevin Keller","Fabrice Desré","Hubird","Günther Beyer (opoloo.de)","Algimantas Margevičius","anonymous74100","BsT","Crits","Famlam","fanboy","heradhis","John","Khrin","Lain_13","Li","Lian","MenetZ","MonztA","smed79","tomasko126","Zoso","Александър Станев"]},{"locales":["it"],"name":"Adblock Plus","description":"Permette di dire 'no' alla pubblicità presente nelle pagine web!","creator":"Wladimir Palant","homepageURL":"http://adblockplus.org/","translators":["Luana Di Muzio - BabelZilla"],"contributors":["Claude Lespagnol aka Efdur","Nickolay Ponomarev","Kevin Keller","Fabrice Desré","Hubird","Günther Beyer (opoloo.de)","Algimantas Margevičius","anonymous74100","BsT","Crits","Famlam","fanboy","heradhis","John","Khrin","Lain_13","Li","Lian","MenetZ","MonztA","smed79","tomasko126","Zoso","Александър Станев"]},{"locales":["ja"],"name":"Adblock Plus","description":"広告は過去の遺物です！","creator":"Wladimir Palant","homepageURL":"http://adblockplus.org/","translators":["Haebaru","k2jp","Premier","Shirayuki (alphabetical order)"],"contributors":["Claude Lespagnol aka Efdur","Nickolay Ponomarev","Kevin Keller","Fabrice Desré","Hubird","Günther Beyer (opoloo.de)","Algimantas Margevičius","anonymous74100","BsT","Crits","Famlam","fanboy","heradhis","John","Khrin","Lain_13","Li","Lian","MenetZ","MonztA","smed79","tomasko126","Zoso","Александър Станев"]},{"locales":["kk"],"name":"Adblock Plus","description":"Жарнамаға жол жоқ!","creator":"Wladimir Palant","homepageURL":"http://adblockplus.org/","translators":["Бауржан Муфтахидинов"],"contributors":["Claude Lespagnol aka Efdur","Nickolay Ponomarev","Kevin Keller","Fabrice Desré","Hubird","Günther Beyer (opoloo.de)","Algimantas Margevičius","anonymous74100","BsT","Crits","Famlam","fanboy","heradhis","John","Khrin","Lain_13","Li","Lian","MenetZ","MonztA","smed79","tomasko126","Zoso","Александър Станев"]},{"locales":["ko"],"name":"Adblock Plus","description":"인터넷 이용을 방해하거나 불법·유해한 광고의 차단!","creator":"Wladimir Palant","homepageURL":"http://adblockplus.org/ko/","translators":["Maybee"],"contributors":["Claude Lespagnol aka Efdur","Nickolay Ponomarev","Kevin Keller","Fabrice Desré","Hubird","Günther Beyer (opoloo.de)","Algimantas Margevičius","anonymous74100","BsT","Crits","Famlam","fanboy","heradhis","John","Khrin","Lain_13","Li","Lian","MenetZ","MonztA","smed79","tomasko126","Zoso","Александър Станев"]},{"locales":["lt"],"name":"Adblock Plus","description":"Reklamos tai praeitis!","creator":"Wladimir Palant","homepageURL":"http://adblockplus.org/","translators":["Algimantas Margevičius","Jonas Slivka"],"contributors":["Claude Lespagnol aka Efdur","Nickolay Ponomarev","Kevin Keller","Fabrice Desré","Hubird","Günther Beyer (opoloo.de)","Algimantas Margevičius","anonymous74100","BsT","Crits","Famlam","fanboy","heradhis","John","Khrin","Lain_13","Li","Lian","MenetZ","MonztA","smed79","tomasko126","Zoso","Александър Станев"]},{"locales":["lv"],"name":"Adblock Plus","description":"Reklāmas ir vakardiena!","creator":"Wladimir Palant","homepageURL":"http://adblockplus.org/","translators":["Džerijs Šterns","Janis-Marks Gailis","Klaids Borovs"],"contributors":["Claude Lespagnol aka Efdur","Nickolay Ponomarev","Kevin Keller","Fabrice Desré","Hubird","Günther Beyer (opoloo.de)","Algimantas Margevičius","anonymous74100","BsT","Crits","Famlam","fanboy","heradhis","John","Khrin","Lain_13","Li","Lian","MenetZ","MonztA","smed79","tomasko126","Zoso","Александър Станев"]},{"locales":["ms"],"name":"Adblock Plus","description":"Iklan hanyalah pada masa dulu!","creator":"Wladimir Palant","homepageURL":"http://adblockplus.org/","translators":["temperror"],"contributors":["Claude Lespagnol aka Efdur","Nickolay Ponomarev","Kevin Keller","Fabrice Desré","Hubird","Günther Beyer (opoloo.de)","Algimantas Margevičius","anonymous74100","BsT","Crits","Famlam","fanboy","heradhis","John","Khrin","Lain_13","Li","Lian","MenetZ","MonztA","smed79","tomasko126","Zoso","Александър Станев"]},{"locales":["nb-NO"],"name":"Adblock Plus","description":"Si farvel til reklame!","creator":"Wladimir Palant","homepageURL":"http://adblockplus.org/","translators":["Roy Skoglund"],"contributors":["Claude Lespagnol aka Efdur","Nickolay Ponomarev","Kevin Keller","Fabrice Desré","Hubird","Günther Beyer (opoloo.de)","Algimantas Margevičius","anonymous74100","BsT","Crits","Famlam","fanboy","heradhis","John","Khrin","Lain_13","Li","Lian","MenetZ","MonztA","smed79","tomasko126","Zoso","Александър Станев"]},{"locales":["nl"],"name":"Adblock Plus","description":"Advertenties behoren tot het verleden!","creator":"Wladimir Palant","homepageURL":"http://adblockplus.org/","translators":["markh","Onno Ekker","pitdicker"],"contributors":["Claude Lespagnol aka Efdur","Nickolay Ponomarev","Kevin Keller","Fabrice Desré","Hubird","Günther Beyer (opoloo.de)","Algimantas Margevičius","anonymous74100","BsT","Crits","Famlam","fanboy","heradhis","John","Khrin","Lain_13","Li","Lian","MenetZ","MonztA","smed79","tomasko126","Zoso","Александър Станев"]},{"locales":["pl"],"name":"Adblock Plus","description":"Powiedz NIE! reklamom","creator":"Wladimir Palant","homepageURL":"http://adblockplus.org/","translators":["Leszek(teo)Życzkowski"],"contributors":["Claude Lespagnol aka Efdur","Nickolay Ponomarev","Kevin Keller","Fabrice Desré","Hubird","Günther Beyer (opoloo.de)","Algimantas Margevičius","anonymous74100","BsT","Crits","Famlam","fanboy","heradhis","John","Khrin","Lain_13","Li","Lian","MenetZ","MonztA","smed79","tomasko126","Zoso","Александър Станев"]},{"locales":["pt-BR"],"name":"Adblock Plus","description":"Propaganda indesejada é coisa do passado!","creator":"Wladimir Palant","homepageURL":"http://adblockplus.org/","translators":["Ajwsert","Mauro José da Silva","Teboga"],"contributors":["Claude Lespagnol aka Efdur","Nickolay Ponomarev","Kevin Keller","Fabrice Desré","Hubird","Günther Beyer (opoloo.de)","Algimantas Margevičius","anonymous74100","BsT","Crits","Famlam","fanboy","heradhis","John","Khrin","Lain_13","Li","Lian","MenetZ","MonztA","smed79","tomasko126","Zoso","Александър Станев"]},{"locales":["pt-PT"],"name":"Adblock Plus","description":"Publicidade ... já era!","creator":"Wladimir Palant","homepageURL":"http://adblockplus.org/","translators":["António Mendonça","Manuela Silva","Raúl Pimentel","Sérgio Marques"],"contributors":["Claude Lespagnol aka Efdur","Nickolay Ponomarev","Kevin Keller","Fabrice Desré","Hubird","Günther Beyer (opoloo.de)","Algimantas Margevičius","anonymous74100","BsT","Crits","Famlam","fanboy","heradhis","John","Khrin","Lain_13","Li","Lian","MenetZ","MonztA","smed79","tomasko126","Zoso","Александър Станев"]},{"locales":["ro"],"name":"Adblock Plus","description":"Elimină publicitatea din paginile web.","creator":"Wladimir Palant","homepageURL":"http://adblockplus.org/","translators":["ultravioletu"],"contributors":["Claude Lespagnol aka Efdur","Nickolay Ponomarev","Kevin Keller","Fabrice Desré","Hubird","Günther Beyer (opoloo.de)","Algimantas Margevičius","anonymous74100","BsT","Crits","Famlam","fanboy","heradhis","John","Khrin","Lain_13","Li","Lian","MenetZ","MonztA","smed79","tomasko126","Zoso","Александър Станев"]},{"locales":["ru"],"name":"Adblock Plus","description":"Скажи \"нет\" рекламе!","creator":"Wladimir Palant","homepageURL":"http://adblockplus.org/ru/","translators":["Wladimir Palant"],"contributors":["Claude Lespagnol aka Efdur","Nickolay Ponomarev","Kevin Keller","Fabrice Desré","Hubird","Günther Beyer (opoloo.de)","Algimantas Margevičius","anonymous74100","BsT","Crits","Famlam","fanboy","heradhis","John","Khrin","Lain_13","Li","Lian","MenetZ","MonztA","smed79","tomasko126","Zoso","Александър Станев"]},{"locales":["sk"],"name":"Adblock Plus","description":"Reklamy sú minulosťou!","creator":"Wladimir Palant","homepageURL":"http://adblockplus.org/","translators":["Ján Kendi (Jacen)"],"contributors":["Claude Lespagnol aka Efdur","Nickolay Ponomarev","Kevin Keller","Fabrice Desré","Hubird","Günther Beyer (opoloo.de)","Algimantas Margevičius","anonymous74100","BsT","Crits","Famlam","fanboy","heradhis","John","Khrin","Lain_13","Li","Lian","MenetZ","MonztA","smed79","tomasko126","Zoso","Александър Станев"]},{"locales":["sl"],"name":"Adblock Plus","description":"Oglasi so preteklost!","creator":"Wladimir Palant","homepageURL":"http://adblockplus.org/","translators":["Martin Srebotnjak"],"contributors":["Claude Lespagnol aka Efdur","Nickolay Ponomarev","Kevin Keller","Fabrice Desré","Hubird","Günther Beyer (opoloo.de)","Algimantas Margevičius","anonymous74100","BsT","Crits","Famlam","fanboy","heradhis","John","Khrin","Lain_13","Li","Lian","MenetZ","MonztA","smed79","tomasko126","Zoso","Александър Станев"]},{"locales":["sq"],"name":"Adblock Plus","description":"Reklamat jane e kaluara!","creator":"Wladimir Palant","homepageURL":"http://adblockplus.org/","translators":["Genti Ereqi"],"contributors":["Claude Lespagnol aka Efdur","Nickolay Ponomarev","Kevin Keller","Fabrice Desré","Hubird","Günther Beyer (opoloo.de)","Algimantas Margevičius","anonymous74100","BsT","Crits","Famlam","fanboy","heradhis","John","Khrin","Lain_13","Li","Lian","MenetZ","MonztA","smed79","tomasko126","Zoso","Александър Станев"]},{"locales":["sr"],"name":"Adblock Plus","description":"Огласи су прошлост!","creator":"Wladimir Palant","homepageURL":"http://adblockplus.org/","translators":["kapetance","ДакСРБИЈА"],"contributors":["Claude Lespagnol aka Efdur","Nickolay Ponomarev","Kevin Keller","Fabrice Desré","Hubird","Günther Beyer (opoloo.de)","Algimantas Margevičius","anonymous74100","BsT","Crits","Famlam","fanboy","heradhis","John","Khrin","Lain_13","Li","Lian","MenetZ","MonztA","smed79","tomasko126","Zoso","Александър Станев"]},{"locales":["sv-SE"],"name":"Adblock Plus","description":"Säg farväl till all reklam!","creator":"Wladimir Palant","homepageURL":"http://adblockplus.org/","translators":["Mikael Hiort af Ornäs","Stefan Lewitas"],"contributors":["Claude Lespagnol aka Efdur","Nickolay Ponomarev","Kevin Keller","Fabrice Desré","Hubird","Günther Beyer (opoloo.de)","Algimantas Margevičius","anonymous74100","BsT","Crits","Famlam","fanboy","heradhis","John","Khrin","Lain_13","Li","Lian","MenetZ","MonztA","smed79","tomasko126","Zoso","Александър Станев"]},{"locales":["th"],"name":"Adblock Plus","description":"ลาก่อนพวกโฆษณา!","creator":"Wladimir Palant","homepageURL":"http://adblockplus.org/","translators":["Anusuk Sangubon(Jaideejung007)","Ken"],"contributors":["Claude Lespagnol aka Efdur","Nickolay Ponomarev","Kevin Keller","Fabrice Desré","Hubird","Günther Beyer (opoloo.de)","Algimantas Margevičius","anonymous74100","BsT","Crits","Famlam","fanboy","heradhis","John","Khrin","Lain_13","Li","Lian","MenetZ","MonztA","smed79","tomasko126","Zoso","Александър Станев"]},{"locales":["tr"],"name":"Adblock Plus","description":"Reklamlar geçmişte kaldı!","creator":"Wladimir Palant","homepageURL":"http://adblockplus.org/","translators":["Ahmet Serkan Tıratacı"],"contributors":["Claude Lespagnol aka Efdur","Nickolay Ponomarev","Kevin Keller","Fabrice Desré","Hubird","Günther Beyer (opoloo.de)","Algimantas Margevičius","anonymous74100","BsT","Crits","Famlam","fanboy","heradhis","John","Khrin","Lain_13","Li","Lian","MenetZ","MonztA","smed79","tomasko126","Zoso","Александър Станев"]},{"locales":["uk"],"name":"Adblock Plus","description":"Скажи «НІ» рекламі!","creator":"Wladimir Palant","homepageURL":"http://adblockplus.org/","translators":["Тимофій Бабич"],"contributors":["Claude Lespagnol aka Efdur","Nickolay Ponomarev","Kevin Keller","Fabrice Desré","Hubird","Günther Beyer (opoloo.de)","Algimantas Margevičius","anonymous74100","BsT","Crits","Famlam","fanboy","heradhis","John","Khrin","Lain_13","Li","Lian","MenetZ","MonztA","smed79","tomasko126","Zoso","Александър Станев"]},{"locales":["vi"],"name":"Adblock Plus","description":"Quảng cáo đã là dĩ vãng!","creator":"Wladimir Palant","homepageURL":"http://adblockplus.org/","translators":["Knight Vegor","Nguyễn Mạnh Hùng","SITUVN"],"contributors":["Claude Lespagnol aka Efdur","Nickolay Ponomarev","Kevin Keller","Fabrice Desré","Hubird","Günther Beyer (opoloo.de)","Algimantas Margevičius","anonymous74100","BsT","Crits","Famlam","fanboy","heradhis","John","Khrin","Lain_13","Li","Lian","MenetZ","MonztA","smed79","tomasko126","Zoso","Александър Станев"]},{"locales":["zh-CN"],"name":"Adblock Plus","description":"广告已成往事！","creator":"Wladimir Palant","homepageURL":"https://adblockplus.org/zh_CN/","translators":["blackdire","YFdyh000"],"contributors":["Claude Lespagnol aka Efdur","Nickolay Ponomarev","Kevin Keller","Fabrice Desré","Hubird","Günther Beyer (opoloo.de)","Algimantas Margevičius","anonymous74100","BsT","Crits","Famlam","fanboy","heradhis","John","Khrin","Lain_13","Li","Lian","MenetZ","MonztA","smed79","tomasko126","Zoso","Александър Станев"]},{"locales":["zh-TW"],"name":"Adblock Plus","description":"廣告已成過去式！","creator":"Wladimir Palant","homepageURL":"https://adblockplus.org/zh_TW/","translators":["Jose Sun","knight00931"],"contributors":["Claude Lespagnol aka Efdur","Nickolay Ponomarev","Kevin Keller","Fabrice Desré","Hubird","Günther Beyer (opoloo.de)","Algimantas Margevičius","anonymous74100","BsT","Crits","Famlam","fanboy","heradhis","John","Khrin","Lain_13","Li","Lian","MenetZ","MonztA","smed79","tomasko126","Zoso","Александър Станев"]}],"targetApplications":[{"id":"{55aba3ac-94d3-41a8-9e25-5c21fe874539}","minVersion":"1.0","maxVersion":"1.0"},{"id":"{aa3c5121-dab2-40e2-81ca-7ea25febc110}","minVersion":"38.0","maxVersion":"49.0"},{"id":"{ec8030f7-c20a-464f-9b0e-13a3a9e97384}","minVersion":"38.0","maxVersion":"*"},{"id":"{92650c4d-4b8e-4d2a-b7eb-24ecf4f6b63a}","minVersion":"2.35","maxVersion":"2.46"},{"id":"{3550f703-e582-4d05-9a08-453d09bdfdc6}","minVersion":"38.0","maxVersion":"49.0"},{"id":"toolkit@mozilla.org","minVersion":"38.0","maxVersion":"49.0"}],"targetPlatforms":[],"multiprocessCompatible":true,"signedState":2,"seen":true},{"id":"{575cbcb9-3b7e-493a-b001-886b3ae793b5}","syncGUID":"2WcaN9jPJ27n","location":"app-profile","version":"3.2.3.1-signed.1-signed","type":"extension","internalName":null,"updateURL":null,"updateKey":null,"optionsURL":"chrome://dragit/content/preference/PreferenceWindow.xul","optionsType":"1","aboutURL":null,"icons":{},"iconURL":"chrome://dragit/skin/DragIt32.png","icon64URL":"chrome://dragit/skin/DragIt64.png","defaultLocale":{"name":"DragIt","description":null,"creator":"Dr. S","homepageURL":null,"developers":["Dr. S"],"translators":["Dr. S"]},"visible":true,"active":true,"userDisabled":false,"appDisabled":false,"descriptor":"D:\\software\\Firefox\\Data\\Firefox\\extensions\\{575cbcb9-3b7e-493a-b001-886b3ae793b5}.xpi","installDate":1446616189381,"updateDate":1465286552551,"applyBackgroundUpdates":1,"bootstrap":false,"skinnable":false,"size":1438780,"sourceURI":"https://addons.cdn.mozilla.net/user-media/addons/10875/dragit_formerly_drag_de_go-3.2.3-fx.xpi?filehash=sha256%3A4cc83a6b61791d983c4b5f14f185b00db7ce29ee716f30197584257c5d438554","releaseNotesURI":"https://addons.mozilla.org/versions/updateInfo/1666192/zh-CN/","softDisabled":false,"foreignInstall":false,"hasBinaryComponents":false,"strictCompatibility":false,"locales":[{"locales":["en-US"],"name":"DragIt","description":"THE Drag and Drop extension.","creator":"Dr. S","homepageURL":null,"developers":["Dr. S"],"translators":["Dr. S"]}],"targetApplications":[{"id":"{ec8030f7-c20a-464f-9b0e-13a3a9e97384}","minVersion":"36.0","maxVersion":"46.*"}],"targetPlatforms":[],"multiprocessCompatible":false,"signedState":2,"seen":true},{"id":"yslow@yahoo-inc.com","syncGUID":"HUwc_VP_95F2","location":"app-profile","version":"3.1.8.1-signed.1-signed","type":"extension","internalName":null,"updateURL":null,"updateKey":null,"optionsURL":"chrome://yslow/content/yslowOptions.xul","optionsType":null,"aboutURL":null,"icons":{},"iconURL":"chrome://yslow/content/yslow/img/logo_32x32.png","icon64URL":null,"defaultLocale":{"name":"YSlow","description":"Make your pages faster with Yahoo!'s page performance tool","creator":"Yahoo! Inc.","homepageURL":"http://developer.yahoo.com/yslow"},"visible":true,"active":true,"userDisabled":false,"appDisabled":false,"descriptor":"D:\\software\\Firefox\\Data\\Firefox\\extensions\\yslow@yahoo-inc.com.xpi","installDate":1446616189407,"updateDate":1465286552585,"applyBackgroundUpdates":1,"bootstrap":false,"skinnable":false,"size":832124,"sourceURI":"https://addons.cdn.mozilla.net/user-media/addons/5369/yslow-3.1.8-fx.xpi?filehash=sha256%3Ae961e6300d4fdb316d738d8114f967f40aa82441e82676dfdae1b2c591af4220","releaseNotesURI":"https://addons.mozilla.org/versions/updateInfo/1484862/zh-CN/","softDisabled":false,"foreignInstall":false,"hasBinaryComponents":false,"strictCompatibility":false,"locales":[],"targetApplications":[{"id":"{ec8030f7-c20a-464f-9b0e-13a3a9e97384}","minVersion":"3.0","maxVersion":"49.*"}],"targetPlatforms":[],"multiprocessCompatible":false,"signedState":2,"seen":true},{"id":"firebug@software.joehewitt.com","syncGUID":"VDjE-66Zl5z5","location":"app-profile","version":"2.0.17","type":"extension","internalName":null,"updateURL":null,"updateKey":null,"optionsURL":null,"optionsType":null,"aboutURL":null,"icons":{},"iconURL":"chrome://firebug/skin/firebugBig.png","icon64URL":null,"defaultLocale":{"name":"Firebug","description":"Web Development Evolved. Firebug is free and open source software distributed under the BSD License.","creator":"Joe Hewitt","homepageURL":"http://www.getfirebug.com/","translators":["Leszek(teo)Zyczkowski (pl-PL)","markh (nl)","peter3 (sv-SE)","AlleyKat (da-DK)","Hector Zhao, lovelywcm (zh-CN)","Lukas Kucharczyk, Michal Kec (cs-CZ)","Team erweiterungen.de, ReinekeFux, Benedikt Langens, Sebastian Zartner (de-DE)","l0stintranslation, gonzalopirobutirro, Luigi Grilli (it-IT)","alexxed (ro-RO)","Nicolas Martin, Franck Marcia (fr-FR)","gLes (hu-HU)","Xavi Ivars - Softcatala (ca)","gezmen (tr-TR)","eternoendless (es-AR)","Dark Preacher (ru)","Tiago Oliveira, Diego de Carvalho Zimmermann, Alexandre Rapaki (pt-BR)","Juan Botias, Alvaro G. Vicario (es-ES)","Andriy Zhouck (uk-UA)","Hisateru Tanaka, k2jp (ja-JP)","Mohsen Shadroo (fa-IR)","Eduard Babayan (hy-AM)","Helder Magalhaes (pt-PT)","Tomaz Macus (sl-SI)","Stoyan Stefanov, Alexander Shopov (bg)","Kristjan Bjarni Guomundsson (is-IS)","NGUYEN Manh Hung (vi-VN)","Bwah (hr-HR)","Sonickydon (el)","David Gonzales (es)","DakSrbija (sr)","bootleq (zh-TW)","Asier Iturralde Sarasola, Julen Irazoki Oteiza (eu)"],"contributors":["John J. Barton (IBM Almaden)","Jan Odvarko (Mozilla Corp.)","Max Stepanov (Aptana Inc.)","Rob Campbell (Mozilla Corp.)","Hans Hillen (Paciello Group, Mozilla)","Curtis Bartley (Mozilla Corp.)","Mike Collins (IBM Almaden)","Kevin Decker","Mike Ratcliffe (Mozilla Corp.)","Hernan Rodriguez Colmeiro","Austin Andrews","Christoph Dorn","Steven Roussey (Illuminations for Developers)","Sebastian Zartner","Harutyun Amirjanyan","Simon Lindholm","Stampolidis Anastasios","Joe Walker (Mozilla Corp.)","Vladimir Zhuravlev","Farshid Beheshti","Leon Sorokin","Florent Fayolle","Hector Zhao","Bharath Thiruveedula","Nathan Mische","Belakhdar Abdeldjalil","Jakob Kaltenbrunner"]},"visible":true,"active":true,"userDisabled":false,"appDisabled":false,"descriptor":"D:\\software\\Firefox\\Data\\Firefox\\extensions\\firebug@software.joehewitt.com.xpi","installDate":1446608166649,"updateDate":1465524448176,"applyBackgroundUpdates":1,"bootstrap":true,"skinnable":false,"size":9681821,"sourceURI":"https://addons.cdn.mozilla.net/user-media/addons/1843/firebug-2.0.17-fx.xpi?filehash=sha256%3A32a1eef23bdac7bb97a06b527f5c88fe94476755f76b8b1db3b3c66acddd83da","releaseNotesURI":null,"softDisabled":false,"foreignInstall":false,"hasBinaryComponents":false,"strictCompatibility":false,"locales":[],"targetApplications":[{"id":"toolkit@mozilla.org","minVersion":"30.0a1","maxVersion":"49.0"},{"id":"{ec8030f7-c20a-464f-9b0e-13a3a9e97384}","minVersion":"30.0a1","maxVersion":"49.0"}],"targetPlatforms":[],"multiprocessCompatible":false,"signedState":2,"seen":true},{"id":"viewsource@kash","syncGUID":"urwWyk2HiH8h","location":"app-profile","version":"2.4.1-signed.1-signed","type":"extension","internalName":null,"updateURL":null,"updateKey":null,"optionsURL":null,"optionsType":null,"aboutURL":"chrome://viewsource/content/viewsourceAbout.xul","icons":{},"iconURL":"chrome://viewsource/skin/vs.png","icon64URL":null,"defaultLocale":{"name":"View Source","description":null,"creator":"Kasper van der Heijden","homepageURL":null,"translators":["Fiona Krook"]},"visible":true,"active":true,"userDisabled":false,"appDisabled":false,"descriptor":"D:\\software\\Firefox\\Data\\Firefox\\extensions\\viewsource@kash","installDate":1467364031799,"updateDate":1467364031799,"applyBackgroundUpdates":1,"bootstrap":false,"skinnable":false,"size":38831,"sourceURI":"https://addons.mozilla.org/firefox/downloads/file/276786/view_source-2.4-sm+fx.xpi?src=api","releaseNotesURI":null,"softDisabled":false,"foreignInstall":false,"hasBinaryComponents":false,"strictCompatibility":false,"locales":[{"locales":["en"],"name":null,"description":"Shows all source files of a webpage.","creator":null,"homepageURL":null},{"locales":["nl"],"name":null,"description":"Geeft alle bronbestanden van een pagina weer.","creator":null,"homepageURL":null},{"locales":["de"],"name":null,"description":"Zeigt alle Ursprungen einer Webseite.","creator":null,"homepageURL":null},{"locales":["fr"],"name":null,"description":"Montre toutes les sources d'une site web.","creator":null,"homepageURL":null}],"targetApplications":[{"id":"{ec8030f7-c20a-464f-9b0e-13a3a9e97384}","minVersion":"2.0","maxVersion":"5.*"},{"id":"{92650c4d-4b8e-4d2a-b7eb-24ecf4f6b63a}","minVersion":"2.0","maxVersion":"2.1.*"}],"targetPlatforms":[],"multiprocessCompatible":false,"signedState":2,"seen":true},{"id":"{4BBDD651-70CF-4821-84F8-2B918CF89CA3}","syncGUID":"HvDWl39_lcCb","location":"app-profile","version":"8.9.2","type":"extension","internalName":null,"updateURL":null,"updateKey":null,"optionsURL":"chrome://febe/content/settings/febeOptions.xul","optionsType":null,"aboutURL":null,"icons":{},"iconURL":"chrome://febe/skin/febe32x32.png","icon64URL":"chrome://febe/skin/FEBE64x64.png","defaultLocale":{"name":"FEBE","description":"Backup your Firefox data","creator":"Chuck Baker","homepageURL":"http://softwarebychuck.com/","translators":["www.babelzilla.org"],"contributors":["Leszek(teo)Życzkowski (pl-PL translation, XUL help, beta tester, options icons)","Ish Rodriguez (graphic design)","Piotr Chyliński (Toolbar icons and display logos)"]},"visible":true,"active":true,"userDisabled":false,"appDisabled":false,"descriptor":"D:\\software\\Firefox\\Data\\Firefox\\extensions\\{4BBDD651-70CF-4821-84F8-2B918CF89CA3}","installDate":1467701998652,"updateDate":1467701998652,"applyBackgroundUpdates":1,"bootstrap":false,"skinnable":false,"size":3928380,"sourceURI":"https://addons.mozilla.org/firefox/downloads/file/417058/febe-8.9.2-fx.xpi?src=api","releaseNotesURI":null,"softDisabled":false,"foreignInstall":false,"hasBinaryComponents":false,"strictCompatibility":false,"locales":[],"targetApplications":[{"id":"{ec8030f7-c20a-464f-9b0e-13a3a9e97384}","minVersion":"44.0","maxVersion":"49.0a1"}],"targetPlatforms":[],"multiprocessCompatible":false,"signedState":2,"seen":true},{"id":"zoomlevelplus@zoomlevelplus.net","syncGUID":"S2lX4LkaNP2n","location":"app-profile","version":"48.0.0","type":"extension","internalName":null,"updateURL":null,"updateKey":null,"optionsURL":null,"optionsType":null,"aboutURL":null,"icons":{"32":"icon.png","48":"icon.png","64":"icon64.png"},"iconURL":null,"icon64URL":null,"defaultLocale":{"name":"NoSquint Plus","description":"Manage site-specific zoom levels and color settings.","creator":null,"homepageURL":null},"visible":true,"active":true,"userDisabled":false,"appDisabled":false,"descriptor":"D:\\software\\Firefox\\Data\\Firefox\\extensions\\zoomlevelplus@zoomlevelplus.net.xpi","installDate":1467688673186,"updateDate":1470554648795,"applyBackgroundUpdates":1,"bootstrap":true,"skinnable":false,"size":591786,"sourceURI":"https://addons.cdn.mozilla.net/user-media/addons/708264/nosquint_plus-48.0.0-fx.xpi?filehash=sha256%3Ada0586dbc3ff022cb306136275bbd63152204d41b37700a71e9575fa72d34f8d","releaseNotesURI":"https://addons.mozilla.org/versions/updateInfo/1909468/zh-CN/","softDisabled":false,"foreignInstall":false,"hasBinaryComponents":false,"strictCompatibility":false,"locales":[],"targetApplications":[{"id":"{ec8030f7-c20a-464f-9b0e-13a3a9e97384}","minVersion":"29.0","maxVersion":"51.0"}],"targetPlatforms":[],"multiprocessCompatible":true,"signedState":2,"seen":true},{"id":"e10srollout@mozilla.org","syncGUID":"-QYZDcjC6rce","location":"app-system-defaults","version":"1.1","type":"extension","internalName":null,"updateURL":null,"updateKey":null,"optionsURL":null,"optionsType":null,"aboutURL":null,"icons":{},"iconURL":null,"icon64URL":null,"defaultLocale":{"name":"Multi-process staged rollout","description":"Staged rollout of Firefox multi-process feature.","creator":null,"homepageURL":null},"visible":true,"active":true,"userDisabled":false,"appDisabled":false,"descriptor":"D:\\software\\Firefox\\App\\Firefox\\browser\\features\\e10srollout@mozilla.org.xpi","installDate":1462346450164,"updateDate":1472087404168,"applyBackgroundUpdates":1,"bootstrap":true,"skinnable":false,"size":4827,"sourceURI":null,"releaseNotesURI":null,"softDisabled":false,"foreignInstall":false,"hasBinaryComponents":false,"strictCompatibility":false,"locales":[],"targetApplications":[{"id":"{ec8030f7-c20a-464f-9b0e-13a3a9e97384}","minVersion":"48.0.2","maxVersion":"48.*"}],"targetPlatforms":[],"multiprocessCompatible":false,"seen":true},{"id":"firefox@getpocket.com","syncGUID":"LDCe3L_gfSNm","location":"app-system-defaults","version":"1.0.4","type":"extension","internalName":null,"updateURL":null,"updateKey":null,"optionsURL":null,"optionsType":null,"aboutURL":null,"icons":{},"iconURL":null,"icon64URL":null,"defaultLocale":{"name":"Pocket","description":"When you find something you want to view later, put it in Pocket.","creator":null,"homepageURL":null},"visible":true,"active":true,"userDisabled":false,"appDisabled":false,"descriptor":"D:\\software\\Firefox\\App\\Firefox\\browser\\features\\firefox@getpocket.com.xpi","installDate":1462346449941,"updateDate":1472087404159,"applyBackgroundUpdates":1,"bootstrap":true,"skinnable":false,"size":895301,"sourceURI":null,"releaseNotesURI":null,"softDisabled":false,"foreignInstall":false,"hasBinaryComponents":false,"strictCompatibility":false,"locales":[],"targetApplications":[{"id":"{ec8030f7-c20a-464f-9b0e-13a3a9e97384}","minVersion":"48.0.2","maxVersion":"48.*"}],"targetPlatforms":[],"multiprocessCompatible":false,"seen":true},{"id":"loop@mozilla.org","syncGUID":"rfq8yZXFy-TO","location":"app-system-defaults","version":"1.4.4","type":"extension","internalName":null,"updateURL":null,"updateKey":null,"optionsURL":null,"optionsType":null,"aboutURL":null,"icons":{},"iconURL":null,"icon64URL":null,"defaultLocale":{"name":"Firefox Hello","description":"Web sharing for Firefox","creator":"Mozilla","homepageURL":null},"visible":true,"active":true,"userDisabled":false,"appDisabled":false,"descriptor":"D:\\software\\Firefox\\App\\Firefox\\browser\\features\\loop@mozilla.org.xpi","installDate":1462240985666,"updateDate":1471927267012,"applyBackgroundUpdates":1,"bootstrap":true,"skinnable":false,"size":4313945,"sourceURI":null,"releaseNotesURI":null,"softDisabled":false,"foreignInstall":false,"hasBinaryComponents":false,"strictCompatibility":false,"locales":[],"targetApplications":[{"id":"{ec8030f7-c20a-464f-9b0e-13a3a9e97384}","minVersion":"46.0a1","maxVersion":"48.*"},{"id":"xpcshell@tests.mozilla.org","minVersion":"0","maxVersion":"10"}],"targetPlatforms":[],"multiprocessCompatible":false,"seen":true},{"id":"{972ce4c6-7e08-4474-a285-3208198ce6fd}","syncGUID":"jG5gayYt-dto","location":"app-global","version":"48.0.2","type":"theme","internalName":"classic/1.0","updateURL":null,"updateKey":null,"optionsURL":null,"optionsType":null,"aboutURL":null,"icons":{"32":"icon.png","48":"icon.png"},"iconURL":null,"icon64URL":null,"defaultLocale":{"name":"Default","description":"The default theme.","creator":"Mozilla","homepageURL":null,"contributors":["Mozilla Contributors"]},"visible":true,"active":true,"userDisabled":false,"appDisabled":false,"descriptor":"D:\\software\\Firefox\\App\\Firefox\\browser\\extensions\\{972ce4c6-7e08-4474-a285-3208198ce6fd}.xpi","installDate":1444185291038,"updateDate":1472087404179,"applyBackgroundUpdates":1,"skinnable":true,"size":21905,"sourceURI":null,"releaseNotesURI":null,"softDisabled":false,"foreignInstall":false,"hasBinaryComponents":false,"strictCompatibility":true,"locales":[],"targetApplications":[{"id":"{ec8030f7-c20a-464f-9b0e-13a3a9e97384}","minVersion":"48.0.2","maxVersion":"48.0.2"}],"targetPlatforms":[],"seen":true},{"id":"{DDC359D1-844A-42a7-9AA1-88A850A938A8}","syncGUID":"jOGdryZtqzmF","location":"app-profile","version":"3.0.6","type":"extension","internalName":null,"updateURL":null,"updateKey":null,"optionsURL":"chrome://dta/content/preferences/prefs.xul","optionsType":null,"aboutURL":"chrome://dta/content/about/about.xul","icons":{"32":"icon.png","48":"icon.png","64":"icon64.png"},"iconURL":"chrome://dtaicon/content/icon.png","icon64URL":"chrome://dtaicon/content/icon64.png","defaultLocale":{"name":"DownThemAll!","description":"The mass downloader for Firefox.","creator":"Federico Parodi, Stefano Verna, Nils Maier","homepageURL":"http://downthemall.net/","developers":["Federico Parodi","Stefano Verna","Nils Maier"]},"visible":true,"active":true,"userDisabled":false,"appDisabled":false,"descriptor":"D:\\software\\Firefox\\Data\\Firefox\\extensions\\{DDC359D1-844A-42a7-9AA1-88A850A938A8}.xpi","installDate":1446616189341,"updateDate":1473127090628,"applyBackgroundUpdates":1,"bootstrap":true,"skinnable":false,"size":2333368,"sourceURI":"https://addons.cdn.mozilla.net/user-media/addons/201/downthemall-3.0.6-sm+fx.xpi?filehash=sha256%3A84c2abea72d219a729245d7def0cef2ae251e62302e5c01c3e3e401fcc3e4f5b","releaseNotesURI":"https://addons.mozilla.org/versions/updateInfo/1927497/zh-CN/","softDisabled":false,"foreignInstall":false,"hasBinaryComponents":false,"strictCompatibility":false,"locales":[{"locales":["en-US"],"name":"DownThemAll!","description":"The mass downloader for Firefox.","creator":"Federico Parodi, Stefano Verna, Nils Maier","homepageURL":"http://downthemall.net/","developers":["Federico Parodi","Stefano Verna","Nils Maier"],"translators":["The dTa Team"]},{"locales":["de"],"name":"DownThemAll!","description":"Der Massen-Download-Manager für Firefox","creator":"Federico Parodi, Stefano Verna, Nils Maier","homepageURL":"http://downthemall.net/","developers":["Federico Parodi","Stefano Verna","Nils Maier"],"translators":["Nils Maier"]},{"locales":["es-ES"],"name":"DownThemAll!","description":"El descargador masivo para Firefox","creator":"Federico Parodi, Stefano Verna, Nils Maier","homepageURL":"http://downthemall.net/","developers":["Federico Parodi","Stefano Verna","Nils Maier"],"translators":["Urko - Babelzilla.org"]},{"locales":["et"],"name":"DownThemAll!","description":"Failide massallalaadija Firefoxile.","creator":"Federico Parodi, Stefano Verna, Nils Maier","homepageURL":"http://downthemall.net/","developers":["Federico Parodi","Stefano Verna","Nils Maier"],"translators":["Maidur"]},{"locales":["fr"],"name":"DownThemAll!","description":"L'extension de téléchargement par lot pour Firefox.","creator":"Federico Parodi, Stefano Verna, Nils Maier","homepageURL":"http://downthemall.net/","developers":["Federico Parodi","Stefano Verna","Nils Maier"],"translators":["L'équipe dTa"]},{"locales":["gl"],"name":"DownThemAll!","description":"Descargador masivo para Firefox.","creator":"Federico Parodi, Stefano Verna, Nils Maier","homepageURL":"http://downthemall.net/","developers":["Federico Parodi","Stefano Verna","Nils Maier"],"translators":["O equipo de dTa"]},{"locales":["gl-ES"],"name":"DownThemAll!","description":"Descargador masivo para Firefox.","creator":"Federico Parodi, Stefano Verna, Nils Maier","homepageURL":"http://downthemall.net/","developers":["Federico Parodi","Stefano Verna","Nils Maier"],"translators":["O equipo de dTa"]},{"locales":["nl"],"name":"DownThemAll!","description":"De bulkdownloader voor Firefox.","creator":"Federico Parodi, Stefano Verna, Nils Maier","homepageURL":"http://downthemall.net/","developers":["Federico Parodi","Stefano Verna","Nils Maier"],"translators":["Het dTa-team"]},{"locales":["pl"],"name":"DownThemAll!","description":"Menedżer pobierania plików dla Firefoksa.","creator":"Federico Parodi, Stefano Verna, Nils Maier","homepageURL":"http://downthemall.net/","developers":["Federico Parodi","Stefano Verna","Nils Maier"],"translators":["Leszek(teo)Życzkowski"]},{"locales":["pt-PT"],"name":"DownThemAll!","description":"O transferidor em massa para o Firefox.","creator":"Federico Parodi, Stefano Verna, Nils Maier","homepageURL":"http://downthemall.net/","developers":["Federico Parodi","Stefano Verna","Nils Maier"],"translators":["A Equipa dTa"]},{"locales":["ru"],"name":"DownThemAll!","description":"Менеджер загрузок для Firefox.","creator":"Federico Parodi, Stefano Verna, Nils Maier","homepageURL":"http://downthemall.net/","developers":["Federico Parodi","Stefano Verna","Nils Maier"],"translators":["Sergeys - Russian Mozilla Team"]},{"locales":["sl-SI"],"name":"DownThemAll!","description":"Množični prenašalnik za Firefox.","creator":"Federico Parodi, Stefano Verna, Nils Maier","homepageURL":"http://downthemall.net/","developers":["Federico Parodi","Stefano Verna","Nils Maier"],"translators":["Ekipa dTa"]},{"locales":["tr"],"name":"DownThemAll!","description":"Firefox için toplu indirme aracı.","creator":"Federico Parodi, Stefano Verna, Nils Maier","homepageURL":"http://downthemall.net/","developers":["Federico Parodi","Stefano Verna","Nils Maier"],"translators":["S.K.Yerli ve dTA takımı"]},{"locales":["zh-CN"],"name":"DownThemAll!","description":"Firefox 的批量下载工具。","creator":"Federico Parodi, Stefano Verna, Nils Maier","homepageURL":"http://downthemall.net/","developers":["Federico Parodi","Stefano Verna","Nils Maier"],"translators":["Cye3s & Blacko"]},{"locales":["zh-TW"],"name":"DownThemAll!","description":"Firefox 的大量下載工具","creator":"Federico Parodi, Stefano Verna, Nils Maier","homepageURL":"http://downthemall.net/","developers":["Federico Parodi","Stefano Verna","Nils Maier"],"translators":["rayx000, scsi, tiffblue, Sakura3814, Goldie Lin."]}],"targetApplications":[{"id":"{ec8030f7-c20a-464f-9b0e-13a3a9e97384}","minVersion":"45.0","maxVersion":"50.*"},{"id":"{92650c4d-4b8e-4d2a-b7eb-24ecf4f6b63a}","minVersion":"2.40","maxVersion":"2.47.*"}],"targetPlatforms":[],"multiprocessCompatible":true,"signedState":2,"seen":true},{"id":"jsonhandle@gmail.com","syncGUID":"Tpy1jJKhtvp1","location":"app-profile","version":"1.4.10","type":"extension","internalName":null,"updateURL":null,"updateKey":null,"optionsURL":null,"optionsType":null,"aboutURL":null,"icons":{},"iconURL":null,"icon64URL":null,"defaultLocale":{"name":"JSON-handle","description":"It's a browser and editor for JSON document.You can get a beautiful view.","creator":"紫石","homepageURL":null},"visible":true,"active":true,"userDisabled":false,"appDisabled":false,"descriptor":"D:\\software\\Firefox\\Data\\Firefox\\extensions\\jsonhandle@gmail.com.xpi","installDate":1446616189428,"updateDate":1473300713764,"applyBackgroundUpdates":1,"bootstrap":true,"skinnable":false,"size":351126,"sourceURI":"https://addons.cdn.mozilla.net/user-media/addons/371371/json_handle-1.4.10-fx.xpi?filehash=sha256%3A951e3259fa2c98fea3044c04b58ad8b51d733a588931ee80bfe8bff9d1161b0f","releaseNotesURI":"https://addons.mozilla.org/versions/updateInfo/1929212/zh-CN/","softDisabled":false,"foreignInstall":false,"hasBinaryComponents":false,"strictCompatibility":false,"locales":[],"targetApplications":[{"id":"{ec8030f7-c20a-464f-9b0e-13a3a9e97384}","minVersion":"38.0a1","maxVersion":"*"}],"targetPlatforms":[],"multiprocessCompatible":false,"signedState":2,"seen":true}]}