{"seen":true,"type":"extension","aboutURL":null,"optionsURL":null,"optionsType":null,"iconURL":"jar:file:///D:/software/Firefox/Data/Firefox/extensions/rest-easy@quickmediasolutions.com.xpi!/icon.png","icon64URL":"https://addons.cdn.mozilla.net/user-media/addon_icons/470/470881-64.png?modified=1437760785","icons":{"32":"jar:file:///D:/software/Firefox/Data/Firefox/extensions/rest-easy@quickmediasolutions.com.xpi!/icon.png","48":"jar:file:///D:/software/Firefox/Data/Firefox/extensions/rest-easy@quickmediasolutions.com.xpi!/icon.png","64":"https://addons.cdn.mozilla.net/user-media/addon_icons/470/470881-64.png?modified=1437760785"},"screenshots":[{"url":"https://addons.cdn.mozilla.net/user-media/previews/full/161/161956.png?src=api&modified=1437760530","width":"700","height":"500","thumbnailURL":"https://addons.cdn.mozilla.net/user-media/previews/thumbs/161/161956.png?src=api&modified=1437760530","thumbnailWidth":"200","thumbnailHeight":"143","caption":"REST Easy displaying a simple GET request"},{"url":"https://addons.cdn.mozilla.net/user-media/previews/full/161/161958.png?src=api&modified=1437760530","width":"622","height":"485","thumbnailURL":"https://addons.cdn.mozilla.net/user-media/previews/thumbs/161/161958.png?src=api&modified=1437760530","thumbnailWidth":"192","thumbnailHeight":"150","caption":"Syntax highlighting for common MIME types"},{"url":"https://addons.cdn.mozilla.net/user-media/previews/full/161/161960.png?src=api&modified=1437760530","width":"306","height":"451","thumbnailURL":"https://addons.cdn.mozilla.net/user-media/previews/thumbs/161/161960.png?src=api&modified=1437760530","thumbnailWidth":"102","thumbnailHeight":"150","caption":"Send custom data with requests"}],"applyBackgroundUpdates":1,"syncGUID":"C_vqnw85sFGD","install":null,"pendingUpgrade":null,"scope":1,"pendingOperations":0,"operationsRequiringRestart":0,"isDebuggable":true,"permissions":13,"isActive":true,"userDisabled":false,"softDisabled":false,"hidden":false,"isSystem":false,"id":"rest-easy@quickmediasolutions.com","version":"0.3.1.1-signed","isCompatible":true,"isPlatformCompatible":true,"providesUpdatesSecurely":true,"blocklistState":0,"blocklistURL":null,"appDisabled":false,"skinnable":false,"size":1251423,"foreignInstall":false,"hasBinaryComponents":false,"strictCompatibility":false,"compatibilityOverrides":null,"updateURL":null,"multiprocessCompatible":false,"signedState":2,"isCorrectlySigned":true,"fullDescription":"REST Easy is a Firefox add-on that provides a full-featured REST client in the browser. The current list of features includes:\n\n    send request data\n    select HTTP method\n    add request headers\n    view response headers\n    examine raw response\n    syntax highlighting for common MIME types\n    preview responses in the browser\n\n\nThe tool can be launched from the Web Developer menu.","developerComments":null,"eula":null,"supportURL":"https://github.com/nathan-osman/Rest-Easy","contributionURL":"https://addons.mozilla.org/zh-CN/firefox/addon/rest-easy/developers?src=api","contributionAmount":"US$5.00","averageRating":4,"reviewCount":27,"reviewURL":"https://addons.mozilla.org/zh-CN/firefox/addon/rest-easy/reviews/?src=api","totalDownloads":249224,"weeklyDownloads":1711,"dailyUsers":33993,"repositoryStatus":4,"installDate":"2015-11-04T05:48:58.537Z","updateDate":"2016-06-07T07:47:11.352Z","sourceURI":{"spec":"https://addons.cdn.mozilla.net/user-media/addons/470881/rest_easy-0.3.1-fx.xpi?filehash=sha256%3Af20e435c7132209de0ce035cd248437ae0cb5bee5d5b3744dde0f28a770aab15","prePath":"https://addons.cdn.mozilla.net","scheme":"https","userPass":"","username":"","password":"","hostPort":"addons.cdn.mozilla.net","host":"addons.cdn.mozilla.net","port":-1,"path":"/user-media/addons/470881/rest_easy-0.3.1-fx.xpi?filehash=sha256%3Af20e435c7132209de0ce035cd248437ae0cb5bee5d5b3744dde0f28a770aab15","asciiSpec":"https://addons.cdn.mozilla.net/user-media/addons/470881/rest_easy-0.3.1-fx.xpi?filehash=sha256%3Af20e435c7132209de0ce035cd248437ae0cb5bee5d5b3744dde0f28a770aab15","asciiHostPort":"addons.cdn.mozilla.net","asciiHost":"addons.cdn.mozilla.net","originCharset":"UTF-8","ref":"","specIgnoringRef":"https://addons.cdn.mozilla.net/user-media/addons/470881/rest_easy-0.3.1-fx.xpi?filehash=sha256%3Af20e435c7132209de0ce035cd248437ae0cb5bee5d5b3744dde0f28a770aab15","hasRef":false},"releaseNotesURI":{"spec":"https://addons.mozilla.org/versions/updateInfo/1666328/zh-CN/","prePath":"https://addons.mozilla.org","scheme":"https","userPass":"","username":"","password":"","hostPort":"addons.mozilla.org","host":"addons.mozilla.org","port":-1,"path":"/versions/updateInfo/1666328/zh-CN/","asciiSpec":"https://addons.mozilla.org/versions/updateInfo/1666328/zh-CN/","asciiHostPort":"addons.mozilla.org","asciiHost":"addons.mozilla.org","originCharset":"UTF-8","ref":"","specIgnoringRef":"https://addons.mozilla.org/versions/updateInfo/1666328/zh-CN/","hasRef":false},"name":"REST Easy","description":"A simple REST client for Firefox","creator":{"name":"Nathan Osman","url":"https://addons.mozilla.org/zh-CN/firefox/user/nathan-osman/?src=api"},"homepageURL":"https://github.com/nathan-osman/REST-Easy","developers":null}
{"seen":true,"type":"extension","aboutURL":null,"optionsURL":"chrome://adblockplus/content/ui/settings.xul","optionsType":"2","iconURL":"jar:file:///D:/software/Firefox/Data/Firefox/extensions/%7Bd10d0bf8-f5b5-c8b4-a8b2-2b9879e08c5d%7D.xpi!/icon.png","icon64URL":"jar:file:///D:/software/Firefox/Data/Firefox/extensions/%7Bd10d0bf8-f5b5-c8b4-a8b2-2b9879e08c5d%7D.xpi!/icon64.png","icons":{"32":"jar:file:///D:/software/Firefox/Data/Firefox/extensions/%7Bd10d0bf8-f5b5-c8b4-a8b2-2b9879e08c5d%7D.xpi!/icon.png","48":"jar:file:///D:/software/Firefox/Data/Firefox/extensions/%7Bd10d0bf8-f5b5-c8b4-a8b2-2b9879e08c5d%7D.xpi!/icon.png","64":"jar:file:///D:/software/Firefox/Data/Firefox/extensions/%7Bd10d0bf8-f5b5-c8b4-a8b2-2b9879e08c5d%7D.xpi!/icon64.png"},"screenshots":[{"url":"https://addons.cdn.mozilla.net/user-media/previews/full/137/137084.png?src=api&modified=1401935427","width":"700","height":"521","thumbnailURL":"https://addons.cdn.mozilla.net/user-media/previews/thumbs/137/137084.png?src=api&modified=1401935427","thumbnailWidth":"200","thumbnailHeight":"149","caption":"Easily remove all annoying ads from Firefox."},{"url":"https://addons.cdn.mozilla.net/user-media/previews/full/137/137086.png?src=api&modified=1401935427","width":"700","height":"521","thumbnailURL":"https://addons.cdn.mozilla.net/user-media/previews/thumbs/137/137086.png?src=api&modified=1401935427","thumbnailWidth":"200","thumbnailHeight":"149","caption":"Adblock Plus can do more than adblocking. Enable powerful features in one click."},{"url":"https://addons.cdn.mozilla.net/user-media/previews/full/137/137088.png?src=api&modified=1401935427","width":"700","height":"521","thumbnailURL":"https://addons.cdn.mozilla.net/user-media/previews/thumbs/137/137088.png?src=api&modified=1401935427","thumbnailWidth":"200","thumbnailHeight":"149","caption":"Clean up your Facebook experience with Adblock Plus."},{"url":"https://addons.cdn.mozilla.net/user-media/previews/full/137/137090.png?src=api&modified=1401935427","width":"700","height":"521","thumbnailURL":"https://addons.cdn.mozilla.net/user-media/previews/thumbs/137/137090.png?src=api&modified=1401935427","thumbnailWidth":"200","thumbnailHeight":"149","caption":"Adblock Plus even removes those annoying 30-second video ads on YouTube."},{"url":"https://addons.cdn.mozilla.net/user-media/previews/full/137/137092.png?src=api&modified=1401935427","width":"700","height":"521","thumbnailURL":"https://addons.cdn.mozilla.net/user-media/previews/thumbs/137/137092.png?src=api&modified=1401935427","thumbnailWidth":"200","thumbnailHeight":"149","caption":"Remove all annoying blinking banners!"},{"url":"https://addons.cdn.mozilla.net/user-media/previews/full/137/137094.png?src=api&modified=1401935427","width":"700","height":"521","thumbnailURL":"https://addons.cdn.mozilla.net/user-media/previews/thumbs/137/137094.png?src=api&modified=1401935427","thumbnailWidth":"200","thumbnailHeight":"149","caption":"Browse the web as it once used to be."},{"url":"https://addons.cdn.mozilla.net/user-media/previews/full/137/137096.png?src=api&modified=1401935427","width":"700","height":"521","thumbnailURL":"https://addons.cdn.mozilla.net/user-media/previews/thumbs/137/137096.png?src=api&modified=1401935427","thumbnailWidth":"200","thumbnailHeight":"149","caption":"Please help us by reporting bugs."},{"url":"https://addons.cdn.mozilla.net/user-media/previews/full/137/137098.png?src=api&modified=1401935427","width":"700","height":"521","thumbnailURL":"https://addons.cdn.mozilla.net/user-media/previews/thumbs/137/137098.png?src=api&modified=1401935427","thumbnailWidth":"200","thumbnailHeight":"149","caption":"You can even create your own blocking lists to customize the web to your exact needs."}],"applyBackgroundUpdates":1,"syncGUID":"IZ_RuuOhXRFB","install":null,"pendingUpgrade":null,"scope":1,"pendingOperations":0,"operationsRequiringRestart":0,"isDebuggable":true,"permissions":13,"isActive":true,"userDisabled":false,"softDisabled":false,"hidden":false,"isSystem":false,"id":"{d10d0bf8-f5b5-c8b4-a8b2-2b9879e08c5d}","version":"2.7.3","isCompatible":true,"isPlatformCompatible":true,"providesUpdatesSecurely":true,"blocklistState":0,"blocklistURL":null,"appDisabled":false,"skinnable":false,"size":2688645,"foreignInstall":false,"hasBinaryComponents":false,"strictCompatibility":false,"compatibilityOverrides":null,"updateURL":null,"multiprocessCompatible":true,"signedState":2,"isCorrectlySigned":true,"fullDescription":"Adblock Plus 让您重新取得 Internet 的控制权和您查看网页的方式。本附加组件支持多语言，有超过40个的过滤规则订阅，这些过滤规则会进行自动配置，为您过滤所有来自已知有恶意域的在线广告。Adblock Plus 也允许您通过各种有用的特性来自定义您的过滤规则，这些特性包括：图片的右键菜单、Flash 和 Java 对象的过滤标签、用于移除脚本和样式表的可过滤项目列表。","developerComments":null,"eula":null,"supportURL":"http://adblockplus.org/forum/","contributionURL":"https://addons.mozilla.org/zh-CN/firefox/addon/adblock-plus/developers?src=api","contributionAmount":"US$5.00","averageRating":5,"reviewCount":4852,"reviewURL":"https://addons.mozilla.org/zh-CN/firefox/addon/adblock-plus/reviews/?src=api","totalDownloads":420315406,"weeklyDownloads":1178164,"dailyUsers":20545626,"repositoryStatus":4,"installDate":"2015-11-04T05:49:43.284Z","updateDate":"2016-06-07T07:47:14.013Z","sourceURI":{"spec":"https://addons.cdn.mozilla.net/user-media/addons/1865/adblock_plus-2.7.3-sm+tb+fx+an.xpi?filehash=sha256%3Aa9f98421d7b4da931fa1fd09796b2ee9bb917ee5049e69f648c8f3584f494112","prePath":"https://addons.cdn.mozilla.net","scheme":"https","userPass":"","username":"","password":"","hostPort":"addons.cdn.mozilla.net","host":"addons.cdn.mozilla.net","port":-1,"path":"/user-media/addons/1865/adblock_plus-2.7.3-sm+tb+fx+an.xpi?filehash=sha256%3Aa9f98421d7b4da931fa1fd09796b2ee9bb917ee5049e69f648c8f3584f494112","asciiSpec":"https://addons.cdn.mozilla.net/user-media/addons/1865/adblock_plus-2.7.3-sm+tb+fx+an.xpi?filehash=sha256%3Aa9f98421d7b4da931fa1fd09796b2ee9bb917ee5049e69f648c8f3584f494112","asciiHostPort":"addons.cdn.mozilla.net","asciiHost":"addons.cdn.mozilla.net","originCharset":"UTF-8","ref":"","specIgnoringRef":"https://addons.cdn.mozilla.net/user-media/addons/1865/adblock_plus-2.7.3-sm+tb+fx+an.xpi?filehash=sha256%3Aa9f98421d7b4da931fa1fd09796b2ee9bb917ee5049e69f648c8f3584f494112","hasRef":false},"releaseNotesURI":{"spec":"https://addons.mozilla.org/versions/updateInfo/1854879/zh-CN/","prePath":"https://addons.mozilla.org","scheme":"https","userPass":"","username":"","password":"","hostPort":"addons.mozilla.org","host":"addons.mozilla.org","port":-1,"path":"/versions/updateInfo/1854879/zh-CN/","asciiSpec":"https://addons.mozilla.org/versions/updateInfo/1854879/zh-CN/","asciiHostPort":"addons.mozilla.org","asciiHost":"addons.mozilla.org","originCharset":"UTF-8","ref":"","specIgnoringRef":"https://addons.mozilla.org/versions/updateInfo/1854879/zh-CN/","hasRef":false},"name":"Adblock Plus","description":"广告已成往事！","creator":{"name":"Wladimir Palant","url":"https://addons.mozilla.org/zh-CN/firefox/user/Wladimir-Palant/?src=api"},"homepageURL":"https://adblockplus.org/zh_CN/","developers":null,"translators":[{"name":"blackdire"},{"name":"YFdyh000"}],"contributors":[{"name":"Claude Lespagnol aka Efdur"},{"name":"Nickolay Ponomarev"},{"name":"Kevin Keller"},{"name":"Fabrice Desré"},{"name":"Hubird"},{"name":"Günther Beyer (opoloo.de)"},{"name":"Algimantas Margevičius"},{"name":"anonymous74100"},{"name":"BsT"},{"name":"Crits"},{"name":"Famlam"},{"name":"fanboy"},{"name":"heradhis"},{"name":"John"},{"name":"Khrin"},{"name":"Lain_13"},{"name":"Li"},{"name":"Lian"},{"name":"MenetZ"},{"name":"MonztA"},{"name":"smed79"},{"name":"tomasko126"},{"name":"Zoso"},{"name":"Александър Станев"}]}
{"seen":true,"type":"extension","aboutURL":null,"optionsURL":"chrome://dragit/content/preference/PreferenceWindow.xul","optionsType":"1","iconURL":"chrome://dragit/skin/DragIt32.png","icon64URL":"chrome://dragit/skin/DragIt64.png","icons":{"32":"chrome://dragit/skin/DragIt32.png","48":"chrome://dragit/skin/DragIt32.png","64":"chrome://dragit/skin/DragIt64.png"},"screenshots":[{"url":"https://addons.cdn.mozilla.net/user-media/previews/full/30/30200.png?src=api&modified=1358249252","thumbnailURL":"https://addons.cdn.mozilla.net/user-media/previews/thumbs/30/30200.png?src=api&modified=1358249252","caption":"DragIt (formerly Drag de Go)"},{"url":"https://addons.cdn.mozilla.net/user-media/previews/full/30/30868.png?src=api&modified=1358249252","width":"488","height":"525","thumbnailURL":"https://addons.cdn.mozilla.net/user-media/previews/thumbs/30/30868.png?src=api&modified=1358249252","thumbnailWidth":"139","thumbnailHeight":"150","caption":"A snapshot from the preference window."},{"url":"https://addons.cdn.mozilla.net/user-media/previews/full/30/30869.png?src=api&modified=1358249252","width":"669","height":"525","thumbnailURL":"https://addons.cdn.mozilla.net/user-media/previews/thumbs/30/30869.png?src=api&modified=1358249252","thumbnailWidth":"191","thumbnailHeight":"150","caption":"The 'Search with' context menu."}],"applyBackgroundUpdates":1,"syncGUID":"2WcaN9jPJ27n","install":null,"pendingUpgrade":null,"scope":1,"pendingOperations":0,"operationsRequiringRestart":6,"isDebuggable":false,"permissions":13,"isActive":true,"userDisabled":false,"softDisabled":false,"hidden":false,"isSystem":false,"id":"{575cbcb9-3b7e-493a-b001-886b3ae793b5}","version":"3.2.3.1-signed.1-signed","isCompatible":true,"isPlatformCompatible":true,"providesUpdatesSecurely":true,"blocklistState":0,"blocklistURL":null,"appDisabled":false,"skinnable":false,"size":1438780,"foreignInstall":false,"hasBinaryComponents":false,"strictCompatibility":false,"compatibilityOverrides":null,"updateURL":null,"multiprocessCompatible":false,"signedState":2,"isCorrectlySigned":true,"fullDescription":"On August 21 2015 MOZILLA announced their ideas of the future of developing Firefox add-ons.\nBasically that will break many, if not the majority, of existing add-ons. Good luck with that.\n\nConsequently, DragIt won't be updated anymore.\n\nMany standard things one has to do while browsing are well hidden in the menu structure. Saving an image to disk requires opening the context menu, finding the corresponding save entry, selecting a directory and finally a name.\n\nThis is where DragIt helps out. Save text and images to preconfigured folders, search the web, open links in tabs or with extern applications, download and much more with just a mouse gesture.\n\nHow does it work?\nJust grab an object and drag it up, down, left or right and run the assigned action. Text selections, links, images, addons and extern objects have there own respective set of configurable actions.\n\nDragIt comes with its own configurable context menu which may also be activated by a gesture.\n\nIt gives feedback via a configurable tooltip, a configurable mouse trail or the statusbar. So one always knows what action is about to be executed.","developerComments":null,"eula":null,"supportURL":"http://forums.mozillazine.org/viewforum.php?f=48","contributionURL":null,"contributionAmount":null,"averageRating":3,"reviewCount":176,"reviewURL":"https://addons.mozilla.org/zh-CN/firefox/addon/dragit-formerly-drag-de-go/reviews/?src=api","totalDownloads":238419,"weeklyDownloads":274,"dailyUsers":8419,"repositoryStatus":4,"installDate":"2015-11-04T05:49:49.381Z","updateDate":"2016-06-07T08:02:32.551Z","sourceURI":{"spec":"https://addons.cdn.mozilla.net/user-media/addons/10875/dragit_formerly_drag_de_go-3.2.3-fx.xpi?filehash=sha256%3A4cc83a6b61791d983c4b5f14f185b00db7ce29ee716f30197584257c5d438554","prePath":"https://addons.cdn.mozilla.net","scheme":"https","userPass":"","username":"","password":"","hostPort":"addons.cdn.mozilla.net","host":"addons.cdn.mozilla.net","port":-1,"path":"/user-media/addons/10875/dragit_formerly_drag_de_go-3.2.3-fx.xpi?filehash=sha256%3A4cc83a6b61791d983c4b5f14f185b00db7ce29ee716f30197584257c5d438554","asciiSpec":"https://addons.cdn.mozilla.net/user-media/addons/10875/dragit_formerly_drag_de_go-3.2.3-fx.xpi?filehash=sha256%3A4cc83a6b61791d983c4b5f14f185b00db7ce29ee716f30197584257c5d438554","asciiHostPort":"addons.cdn.mozilla.net","asciiHost":"addons.cdn.mozilla.net","originCharset":"UTF-8","ref":"","specIgnoringRef":"https://addons.cdn.mozilla.net/user-media/addons/10875/dragit_formerly_drag_de_go-3.2.3-fx.xpi?filehash=sha256%3A4cc83a6b61791d983c4b5f14f185b00db7ce29ee716f30197584257c5d438554","hasRef":false},"releaseNotesURI":{"spec":"https://addons.mozilla.org/versions/updateInfo/1666192/zh-CN/","prePath":"https://addons.mozilla.org","scheme":"https","userPass":"","username":"","password":"","hostPort":"addons.mozilla.org","host":"addons.mozilla.org","port":-1,"path":"/versions/updateInfo/1666192/zh-CN/","asciiSpec":"https://addons.mozilla.org/versions/updateInfo/1666192/zh-CN/","asciiHostPort":"addons.mozilla.org","asciiHost":"addons.mozilla.org","originCharset":"UTF-8","ref":"","specIgnoringRef":"https://addons.mozilla.org/versions/updateInfo/1666192/zh-CN/","hasRef":false},"name":"DragIt","description":"THE Drag and Drop extension.","creator":{"name":"Dr. S.","url":"https://addons.mozilla.org/zh-CN/firefox/user/dr-s/?src=api"},"homepageURL":"https://addons.mozilla.org/zh-CN/firefox/addon/dragit-formerly-drag-de-go/?src=api","developers":[{"name":"Dr. S"}],"translators":[{"name":"Dr. S"}]}
{"seen":true,"type":"extension","aboutURL":null,"optionsURL":"chrome://yslow/content/yslowOptions.xul","optionsType":1,"iconURL":"chrome://yslow/content/yslow/img/logo_32x32.png","icon64URL":"https://addons.cdn.mozilla.net/user-media/addon_icons/5/5369-64.png?modified=1361230517","icons":{"32":"chrome://yslow/content/yslow/img/logo_32x32.png","48":"chrome://yslow/content/yslow/img/logo_32x32.png","64":"https://addons.cdn.mozilla.net/user-media/addon_icons/5/5369-64.png?modified=1361230517"},"screenshots":[{"url":"https://addons.cdn.mozilla.net/user-media/previews/full/31/31944.png?src=api&modified=1331218902","width":"640","height":"444","thumbnailURL":"https://addons.cdn.mozilla.net/user-media/previews/thumbs/31/31944.png?src=api&modified=1331218902","thumbnailWidth":"200","thumbnailHeight":"138","caption":"Grade View"},{"url":"https://addons.cdn.mozilla.net/user-media/previews/full/31/31945.png?src=api&modified=1331218902","width":"640","height":"257","thumbnailURL":"https://addons.cdn.mozilla.net/user-media/previews/thumbs/31/31945.png?src=api&modified=1331218902","thumbnailWidth":"200","thumbnailHeight":"80","caption":"Statistics View"},{"url":"https://addons.cdn.mozilla.net/user-media/previews/full/31/31946.png?src=api&modified=1331218902","width":"640","height":"238","thumbnailURL":"https://addons.cdn.mozilla.net/user-media/previews/thumbs/31/31946.png?src=api&modified=1331218902","thumbnailWidth":"200","thumbnailHeight":"74","caption":"Component View"}],"applyBackgroundUpdates":1,"syncGUID":"HUwc_VP_95F2","install":null,"pendingUpgrade":null,"scope":1,"pendingOperations":0,"operationsRequiringRestart":6,"isDebuggable":false,"permissions":13,"isActive":true,"userDisabled":false,"softDisabled":false,"hidden":false,"isSystem":false,"id":"yslow@yahoo-inc.com","version":"3.1.8.1-signed.1-signed","isCompatible":true,"isPlatformCompatible":true,"providesUpdatesSecurely":true,"blocklistState":0,"blocklistURL":"https://blocklist.addons.mozilla.org/zh-CN/firefox/blocked/i11","appDisabled":false,"skinnable":false,"size":832124,"foreignInstall":false,"hasBinaryComponents":false,"strictCompatibility":false,"compatibilityOverrides":null,"updateURL":null,"multiprocessCompatible":false,"signedState":2,"isCorrectlySigned":true,"fullDescription":"YSlow analyzes web pages and suggests ways to improve their performance based on a set of rules for high performance web pages. YSlow is available for Firefox as an add-on integrated with the Firebug web development tool. YSlow grades web page based on one of three predefined ruleset or a user-defined ruleset. It offers suggestions for improving the page's performance, summarizes the page's components, displays statistics about the page, and provides tools for performance analysis, including Smush.it™ and JSLint.\n\nVisit the official YSlow website: http://yslow.org\n\nYSlow is licensed under the New BSD License, with portions licensed by third parties under other license terms. To review the terms before installing, see http://wh.yslow.org/yslow-license\n\nYou must install Firebug: https://addons.mozilla.org/en-US/firefox/addon/1843","developerComments":null,"eula":null,"supportURL":"http://yslow.org","contributionURL":null,"contributionAmount":null,"averageRating":3,"reviewCount":214,"reviewURL":"https://addons.mozilla.org/zh-CN/firefox/addon/yslow/reviews/?src=api","totalDownloads":4429526,"weeklyDownloads":2756,"dailyUsers":81981,"repositoryStatus":4,"installDate":"2015-11-04T05:49:49.407Z","updateDate":"2016-06-07T08:02:32.585Z","sourceURI":{"spec":"https://addons.cdn.mozilla.net/user-media/addons/5369/yslow-3.1.8-fx.xpi?filehash=sha256%3Ae961e6300d4fdb316d738d8114f967f40aa82441e82676dfdae1b2c591af4220","prePath":"https://addons.cdn.mozilla.net","scheme":"https","userPass":"","username":"","password":"","hostPort":"addons.cdn.mozilla.net","host":"addons.cdn.mozilla.net","port":-1,"path":"/user-media/addons/5369/yslow-3.1.8-fx.xpi?filehash=sha256%3Ae961e6300d4fdb316d738d8114f967f40aa82441e82676dfdae1b2c591af4220","asciiSpec":"https://addons.cdn.mozilla.net/user-media/addons/5369/yslow-3.1.8-fx.xpi?filehash=sha256%3Ae961e6300d4fdb316d738d8114f967f40aa82441e82676dfdae1b2c591af4220","asciiHostPort":"addons.cdn.mozilla.net","asciiHost":"addons.cdn.mozilla.net","originCharset":"UTF-8","ref":"","specIgnoringRef":"https://addons.cdn.mozilla.net/user-media/addons/5369/yslow-3.1.8-fx.xpi?filehash=sha256%3Ae961e6300d4fdb316d738d8114f967f40aa82441e82676dfdae1b2c591af4220","hasRef":false},"releaseNotesURI":{"spec":"https://addons.mozilla.org/versions/updateInfo/1484862/zh-CN/","prePath":"https://addons.mozilla.org","scheme":"https","userPass":"","username":"","password":"","hostPort":"addons.mozilla.org","host":"addons.mozilla.org","port":-1,"path":"/versions/updateInfo/1484862/zh-CN/","asciiSpec":"https://addons.mozilla.org/versions/updateInfo/1484862/zh-CN/","asciiHostPort":"addons.mozilla.org","asciiHost":"addons.mozilla.org","originCharset":"UTF-8","ref":"","specIgnoringRef":"https://addons.mozilla.org/versions/updateInfo/1484862/zh-CN/","hasRef":false},"name":"YSlow","description":"Make your pages faster with Yahoo!'s page performance tool","creator":{"name":"YSlow","url":"https://addons.mozilla.org/zh-CN/firefox/user/yslow/?src=api"},"homepageURL":"http://developer.yahoo.com/yslow","developers":null}
{"seen":true,"type":"extension","aboutURL":null,"optionsURL":null,"optionsType":null,"iconURL":"chrome://firebug/skin/firebugBig.png","icon64URL":"https://addons.cdn.mozilla.net/user-media/addon_icons/1/1843-64.png?modified=1465381216","icons":{"32":"chrome://firebug/skin/firebugBig.png","48":"chrome://firebug/skin/firebugBig.png","64":"https://addons.cdn.mozilla.net/user-media/addon_icons/1/1843-64.png?modified=1465381216"},"screenshots":[{"url":"https://addons.cdn.mozilla.net/user-media/previews/full/52/52710.png?src=api&modified=1295251100","width":"700","height":"330","thumbnailURL":"https://addons.cdn.mozilla.net/user-media/previews/thumbs/52/52710.png?src=api&modified=1295251100","thumbnailWidth":"200","thumbnailHeight":"94","caption":"Command line and its auto-completion."},{"url":"https://addons.cdn.mozilla.net/user-media/previews/full/52/52711.png?src=api&modified=1295251100","width":"700","height":"330","thumbnailURL":"https://addons.cdn.mozilla.net/user-media/previews/thumbs/52/52711.png?src=api&modified=1295251100","thumbnailWidth":"200","thumbnailHeight":"94","caption":"Console panel with an example error logs."},{"url":"https://addons.cdn.mozilla.net/user-media/previews/full/52/52712.png?src=api&modified=1295251100","width":"700","height":"330","thumbnailURL":"https://addons.cdn.mozilla.net/user-media/previews/thumbs/52/52712.png?src=api&modified=1295251100","thumbnailWidth":"200","thumbnailHeight":"94","caption":"CSS panel with inline editor."},{"url":"https://addons.cdn.mozilla.net/user-media/previews/full/52/52713.png?src=api&modified=1295251100","width":"700","height":"330","thumbnailURL":"https://addons.cdn.mozilla.net/user-media/previews/thumbs/52/52713.png?src=api&modified=1295251100","thumbnailWidth":"200","thumbnailHeight":"94","caption":"DOM panel displays structure of the current page."},{"url":"https://addons.cdn.mozilla.net/user-media/previews/full/52/52714.png?src=api&modified=1295251100","width":"700","height":"330","thumbnailURL":"https://addons.cdn.mozilla.net/user-media/previews/thumbs/52/52714.png?src=api&modified=1295251100","thumbnailWidth":"200","thumbnailHeight":"94","caption":"HTML panel shows markup of the current page."},{"url":"https://addons.cdn.mozilla.net/user-media/previews/full/52/52715.png?src=api&modified=1295251100","width":"700","height":"330","thumbnailURL":"https://addons.cdn.mozilla.net/user-media/previews/thumbs/52/52715.png?src=api&modified=1295251100","thumbnailWidth":"200","thumbnailHeight":"94","caption":"Layout panel reveals layout of selected elements."},{"url":"https://addons.cdn.mozilla.net/user-media/previews/full/52/52716.png?src=api&modified=1295251100","width":"700","height":"330","thumbnailURL":"https://addons.cdn.mozilla.net/user-media/previews/thumbs/52/52716.png?src=api&modified=1295251100","thumbnailWidth":"200","thumbnailHeight":"94","caption":"Net panel monitors HTTP communication."},{"url":"https://addons.cdn.mozilla.net/user-media/previews/full/52/52717.png?src=api&modified=1295251101","width":"700","height":"330","thumbnailURL":"https://addons.cdn.mozilla.net/user-media/previews/thumbs/52/52717.png?src=api&modified=1295251101","thumbnailWidth":"200","thumbnailHeight":"94","caption":"Script panel allows to explore and debug JavaScript on the current page."}],"applyBackgroundUpdates":1,"syncGUID":"VDjE-66Zl5z5","install":null,"pendingUpgrade":null,"scope":1,"pendingOperations":0,"operationsRequiringRestart":0,"isDebuggable":true,"permissions":13,"isActive":true,"userDisabled":false,"softDisabled":false,"hidden":false,"isSystem":false,"id":"firebug@software.joehewitt.com","version":"2.0.17","isCompatible":true,"isPlatformCompatible":true,"providesUpdatesSecurely":true,"blocklistState":0,"blocklistURL":null,"appDisabled":false,"skinnable":false,"size":9681821,"foreignInstall":false,"hasBinaryComponents":false,"strictCompatibility":false,"compatibilityOverrides":[{"type":"incompatible","minVersion":"0","maxVersion":"1.7.3","appID":"{ec8030f7-c20a-464f-9b0e-13a3a9e97384}","appMinVersion":"6.0a1","appMaxVersion":"*"}],"updateURL":null,"multiprocessCompatible":false,"signedState":2,"isCorrectlySigned":true,"fullDescription":"Firebug 为你的 Firefox 集成了浏览网页的同时随手可得的丰富开发工具。你可以对任何网页的 CSS、HTML 和 JavaScript 进行实时编辑、调试和监控。\\n\\n访问 Firebug 网站来查看文档、截屏以及讨论组（英语）：http://getfirebug.com","developerComments":"=如果你有任何问题，请阅读 Firebug FAQ（英语）。\n\nhttp://getfirebug.com/faq.html","eula":null,"supportURL":"http://getfirebug.com","contributionURL":"https://addons.mozilla.org/zh-CN/firefox/addon/firebug/developers?src=api","contributionAmount":"US$10.00","averageRating":5,"reviewCount":1834,"reviewURL":"https://addons.mozilla.org/zh-CN/firefox/addon/firebug/reviews/?src=api","totalDownloads":84730903,"weeklyDownloads":113960,"dailyUsers":2228984,"repositoryStatus":4,"installDate":"2015-11-04T03:36:06.649Z","updateDate":"2016-06-10T02:07:28.176Z","sourceURI":{"spec":"https://addons.cdn.mozilla.net/user-media/addons/1843/firebug-2.0.17-fx.xpi?filehash=sha256%3A32a1eef23bdac7bb97a06b527f5c88fe94476755f76b8b1db3b3c66acddd83da","prePath":"https://addons.cdn.mozilla.net","scheme":"https","userPass":"","username":"","password":"","hostPort":"addons.cdn.mozilla.net","host":"addons.cdn.mozilla.net","port":-1,"path":"/user-media/addons/1843/firebug-2.0.17-fx.xpi?filehash=sha256%3A32a1eef23bdac7bb97a06b527f5c88fe94476755f76b8b1db3b3c66acddd83da","asciiSpec":"https://addons.cdn.mozilla.net/user-media/addons/1843/firebug-2.0.17-fx.xpi?filehash=sha256%3A32a1eef23bdac7bb97a06b527f5c88fe94476755f76b8b1db3b3c66acddd83da","asciiHostPort":"addons.cdn.mozilla.net","asciiHost":"addons.cdn.mozilla.net","originCharset":"UTF-8","ref":"","specIgnoringRef":"https://addons.cdn.mozilla.net/user-media/addons/1843/firebug-2.0.17-fx.xpi?filehash=sha256%3A32a1eef23bdac7bb97a06b527f5c88fe94476755f76b8b1db3b3c66acddd83da","hasRef":false},"releaseNotesURI":null,"name":"Firebug","description":"Web Development Evolved. Firebug is free and open source software distributed under the BSD License.","creator":{"name":"Joe Hewitt","url":"https://addons.mozilla.org/zh-CN/firefox/user/joe-hewitt/?src=api"},"homepageURL":"http://www.getfirebug.com/","developers":[{"name":"Jan Odvarko","url":"https://addons.mozilla.org/zh-CN/firefox/user/jan-odvarko/?src=api"},{"name":"robcee","url":"https://addons.mozilla.org/zh-CN/firefox/user/robcee/?src=api"},{"name":"Firebug Working Group","url":"https://addons.mozilla.org/zh-CN/firefox/user/firebugworkinggroup/?src=api"}],"translators":[{"name":"Leszek(teo)Zyczkowski (pl-PL)"},{"name":"markh (nl)"},{"name":"peter3 (sv-SE)"},{"name":"AlleyKat (da-DK)"},{"name":"Hector Zhao, lovelywcm (zh-CN)"},{"name":"Lukas Kucharczyk, Michal Kec (cs-CZ)"},{"name":"Team erweiterungen.de, ReinekeFux, Benedikt Langens, Sebastian Zartner (de-DE)"},{"name":"l0stintranslation, gonzalopirobutirro, Luigi Grilli (it-IT)"},{"name":"alexxed (ro-RO)"},{"name":"Nicolas Martin, Franck Marcia (fr-FR)"},{"name":"gLes (hu-HU)"},{"name":"Xavi Ivars - Softcatala (ca)"},{"name":"gezmen (tr-TR)"},{"name":"eternoendless (es-AR)"},{"name":"Dark Preacher (ru)"},{"name":"Tiago Oliveira, Diego de Carvalho Zimmermann, Alexandre Rapaki (pt-BR)"},{"name":"Juan Botias, Alvaro G. Vicario (es-ES)"},{"name":"Andriy Zhouck (uk-UA)"},{"name":"Hisateru Tanaka, k2jp (ja-JP)"},{"name":"Mohsen Shadroo (fa-IR)"},{"name":"Eduard Babayan (hy-AM)"},{"name":"Helder Magalhaes (pt-PT)"},{"name":"Tomaz Macus (sl-SI)"},{"name":"Stoyan Stefanov, Alexander Shopov (bg)"},{"name":"Kristjan Bjarni Guomundsson (is-IS)"},{"name":"NGUYEN Manh Hung (vi-VN)"},{"name":"Bwah (hr-HR)"},{"name":"Sonickydon (el)"},{"name":"David Gonzales (es)"},{"name":"DakSrbija (sr)"},{"name":"bootleq (zh-TW)"},{"name":"Asier Iturralde Sarasola, Julen Irazoki Oteiza (eu)"}],"contributors":[{"name":"John J. Barton (IBM Almaden)"},{"name":"Jan Odvarko (Mozilla Corp.)"},{"name":"Max Stepanov (Aptana Inc.)"},{"name":"Rob Campbell (Mozilla Corp.)"},{"name":"Hans Hillen (Paciello Group, Mozilla)"},{"name":"Curtis Bartley (Mozilla Corp.)"},{"name":"Mike Collins (IBM Almaden)"},{"name":"Kevin Decker"},{"name":"Mike Ratcliffe (Mozilla Corp.)"},{"name":"Hernan Rodriguez Colmeiro"},{"name":"Austin Andrews"},{"name":"Christoph Dorn"},{"name":"Steven Roussey (Illuminations for Developers)"},{"name":"Sebastian Zartner"},{"name":"Harutyun Amirjanyan"},{"name":"Simon Lindholm"},{"name":"Stampolidis Anastasios"},{"name":"Joe Walker (Mozilla Corp.)"},{"name":"Vladimir Zhuravlev"},{"name":"Farshid Beheshti"},{"name":"Leon Sorokin"},{"name":"Florent Fayolle"},{"name":"Hector Zhao"},{"name":"Bharath Thiruveedula"},{"name":"Nathan Mische"},{"name":"Belakhdar Abdeldjalil"},{"name":"Jakob Kaltenbrunner"}]}
{"seen":true,"type":"extension","aboutURL":"chrome://viewsource/content/viewsourceAbout.xul","optionsURL":null,"optionsType":null,"iconURL":"chrome://viewsource/skin/vs.png","icon64URL":"https://addons.cdn.mozilla.net/user-media/addon_icons/93/93453-64.png?modified=1383113363","icons":{"32":"chrome://viewsource/skin/vs.png","48":"chrome://viewsource/skin/vs.png","64":"https://addons.cdn.mozilla.net/user-media/addon_icons/93/93453-64.png?modified=1383113363"},"screenshots":[{"url":"https://addons.cdn.mozilla.net/user-media/previews/full/47/47780.png?src=api&modified=1331218902","width":"700","height":"366","thumbnailURL":"https://addons.cdn.mozilla.net/user-media/previews/thumbs/47/47780.png?src=api&modified=1331218902","thumbnailWidth":"200","thumbnailHeight":"104"},{"url":"https://addons.cdn.mozilla.net/user-media/previews/full/47/47781.png?src=api&modified=1331218902","width":"700","height":"366","thumbnailURL":"https://addons.cdn.mozilla.net/user-media/previews/thumbs/47/47781.png?src=api&modified=1331218902","thumbnailWidth":"200","thumbnailHeight":"104"}],"applyBackgroundUpdates":1,"syncGUID":"urwWyk2HiH8h","install":null,"pendingUpgrade":null,"scope":1,"pendingOperations":0,"operationsRequiringRestart":6,"isDebuggable":false,"permissions":13,"isActive":true,"userDisabled":false,"softDisabled":false,"hidden":false,"isSystem":false,"id":"viewsource@kash","version":"2.4.1-signed.1-signed","isCompatible":true,"isPlatformCompatible":true,"providesUpdatesSecurely":true,"blocklistState":0,"blocklistURL":null,"appDisabled":false,"skinnable":false,"size":38831,"foreignInstall":false,"hasBinaryComponents":false,"strictCompatibility":false,"compatibilityOverrides":null,"updateURL":null,"multiprocessCompatible":false,"signedState":2,"isCorrectlySigned":true,"fullDescription":"Shows all source files of a webpage; all HTML frames, javascript, images en CSS. You can also view the server's response headers, and all links on the webpage.","developerComments":null,"eula":null,"supportURL":null,"contributionURL":null,"contributionAmount":null,"averageRating":4,"reviewCount":6,"reviewURL":"https://addons.mozilla.org/zh-CN/firefox/addon/view-source/reviews/?src=api","totalDownloads":29094,"weeklyDownloads":71,"dailyUsers":1162,"repositoryStatus":4,"installDate":"2016-07-01T09:07:11.799Z","updateDate":"2016-07-01T09:07:11.799Z","sourceURI":{"spec":"https://addons.mozilla.org/firefox/downloads/file/276786/view_source-2.4-sm+fx.xpi?src=api","prePath":"https://addons.mozilla.org","scheme":"https","userPass":"","username":"","password":"","hostPort":"addons.mozilla.org","host":"addons.mozilla.org","port":-1,"path":"/firefox/downloads/file/276786/view_source-2.4-sm+fx.xpi?src=api","asciiSpec":"https://addons.mozilla.org/firefox/downloads/file/276786/view_source-2.4-sm+fx.xpi?src=api","asciiHostPort":"addons.mozilla.org","asciiHost":"addons.mozilla.org","originCharset":"UTF-8","ref":"","specIgnoringRef":"https://addons.mozilla.org/firefox/downloads/file/276786/view_source-2.4-sm+fx.xpi?src=api","hasRef":false},"releaseNotesURI":null,"name":"View Source","description":"Shows all source files of a webpage.","creator":{"name":"KasH.","url":"https://addons.mozilla.org/zh-CN/firefox/user/kash/?src=api"},"homepageURL":"https://addons.mozilla.org/zh-CN/firefox/addon/view-source/?src=api","developers":null}
{"seen":true,"type":"extension","aboutURL":null,"optionsURL":"chrome://febe/content/settings/febeOptions.xul","optionsType":1,"iconURL":"chrome://febe/skin/febe32x32.png","icon64URL":"chrome://febe/skin/FEBE64x64.png","icons":{"32":"chrome://febe/skin/febe32x32.png","48":"chrome://febe/skin/febe32x32.png","64":"chrome://febe/skin/FEBE64x64.png"},"screenshots":[{"url":"https://addons.cdn.mozilla.net/user-media/previews/full/137/137500.png?src=api&modified=1402499848","width":"700","height":"275","thumbnailURL":"https://addons.cdn.mozilla.net/user-media/previews/thumbs/137/137500.png?src=api&modified=1402499848","thumbnailWidth":"200","thumbnailHeight":"78","caption":"FEBE's functions can be accessed from the Tools menu or from any toolbar you move the icon to."},{"url":"https://addons.cdn.mozilla.net/user-media/previews/full/137/137506.png?src=api&modified=1402499848","width":"540","height":"525","thumbnailURL":"https://addons.cdn.mozilla.net/user-media/previews/thumbs/137/137506.png?src=api&modified=1402499848","thumbnailWidth":"154","thumbnailHeight":"150","caption":"You can have FEBE backup on a daily, weekly, or monthly schedule.  Even automatically backup on browser startup and/or shutdown.  FEBE can remind you if a backup was missed."},{"url":"https://addons.cdn.mozilla.net/user-media/previews/full/137/137504.png?src=api&modified=1402499848","width":"581","height":"525","thumbnailURL":"https://addons.cdn.mozilla.net/user-media/previews/thumbs/137/137504.png?src=api&modified=1402499848","thumbnailWidth":"166","thumbnailHeight":"150","caption":"FEBE can backup and restore your entire profile or just individual parts."},{"url":"https://addons.cdn.mozilla.net/user-media/previews/full/137/137508.png?src=api&modified=1402499848","width":"581","height":"525","thumbnailURL":"https://addons.cdn.mozilla.net/user-media/previews/thumbs/137/137508.png?src=api&modified=1402499848","thumbnailWidth":"166","thumbnailHeight":"150","caption":"FEBE can  timestamp your backup folders and keep as many backups as you like.  You can also have older backups removed, keeping a fixed number of backups."},{"url":"https://addons.cdn.mozilla.net/user-media/previews/full/137/137490.png?src=api&modified=1402499848","width":"540","height":"525","thumbnailURL":"https://addons.cdn.mozilla.net/user-media/previews/thumbs/137/137490.png?src=api&modified=1402499848","thumbnailWidth":"154","thumbnailHeight":"150","caption":"There are many ways to configure FEBE."},{"url":"https://addons.cdn.mozilla.net/user-media/previews/full/86/86064.png?src=api&modified=1402499848","width":"389","height":"519","thumbnailURL":"https://addons.cdn.mozilla.net/user-media/previews/thumbs/86/86064.png?src=api&modified=1402499848","thumbnailWidth":"112","thumbnailHeight":"150","caption":"FEBE has extensive help files.  Just click the blue \"i\" icons available throughout FEBE option screens."},{"url":"https://addons.cdn.mozilla.net/user-media/previews/full/137/137474.png?src=api&modified=1402499848","width":"540","height":"525","thumbnailURL":"https://addons.cdn.mozilla.net/user-media/previews/thumbs/137/137474.png?src=api&modified=1402499848","thumbnailWidth":"154","thumbnailHeight":"150","caption":"FEBE will display the location of several important Firefox directories.  You can explore them from this pane."},{"url":"https://addons.cdn.mozilla.net/user-media/previews/full/137/137476.png?src=api&modified=1402499848","width":"540","height":"525","thumbnailURL":"https://addons.cdn.mozilla.net/user-media/previews/thumbs/137/137476.png?src=api&modified=1402499848","thumbnailWidth":"154","thumbnailHeight":"150","caption":"FEBE can be put in 'debug' mode to help solve particular installation issues."},{"url":"https://addons.cdn.mozilla.net/user-media/previews/full/137/137478.png?src=api&modified=1402499848","width":"540","height":"525","thumbnailURL":"https://addons.cdn.mozilla.net/user-media/previews/thumbs/137/137478.png?src=api&modified=1402499848","thumbnailWidth":"154","thumbnailHeight":"150","caption":"If you don't like the default FEBE sounds, you can specify any .ogg sound file to play instead."},{"url":"https://addons.cdn.mozilla.net/user-media/previews/full/137/137480.png?src=api&modified=1402499848","width":"540","height":"525","thumbnailURL":"https://addons.cdn.mozilla.net/user-media/previews/thumbs/137/137480.png?src=api&modified=1402499848","thumbnailWidth":"154","thumbnailHeight":"150","caption":"FEBE offers many tools to help debug problems."},{"url":"https://addons.cdn.mozilla.net/user-media/previews/full/137/137482.png?src=api&modified=1402499848","width":"540","height":"525","thumbnailURL":"https://addons.cdn.mozilla.net/user-media/previews/thumbs/137/137482.png?src=api&modified=1402499848","thumbnailWidth":"154","thumbnailHeight":"150","caption":"FEBE supports Dropbox(tm)"},{"url":"https://addons.cdn.mozilla.net/user-media/previews/full/137/137484.png?src=api&modified=1402499848","width":"540","height":"525","thumbnailURL":"https://addons.cdn.mozilla.net/user-media/previews/thumbs/137/137484.png?src=api&modified=1402499848","thumbnailWidth":"154","thumbnailHeight":"150","caption":"You can specify other backup locations like external drives or WebDAV drives."},{"url":"https://addons.cdn.mozilla.net/user-media/previews/full/137/137486.png?src=api&modified=1402499848","width":"379","height":"251","thumbnailURL":"https://addons.cdn.mozilla.net/user-media/previews/thumbs/137/137486.png?src=api&modified=1402499848","thumbnailWidth":"200","thumbnailHeight":"132","caption":"FEBE can perform on-demand delayed backups. You can set one or more one-time backups for a time you know the browser won't be in use."},{"url":"https://addons.cdn.mozilla.net/user-media/previews/full/137/137492.png?src=api&modified=1402499848","width":"581","height":"525","thumbnailURL":"https://addons.cdn.mozilla.net/user-media/previews/thumbs/137/137492.png?src=api&modified=1402499848","thumbnailWidth":"166","thumbnailHeight":"150","caption":"You can have FEBE ignore certain extensions/themes for backing up."},{"url":"https://addons.cdn.mozilla.net/user-media/previews/full/137/137496.png?src=api&modified=1402499848","width":"459","height":"464","thumbnailURL":"https://addons.cdn.mozilla.net/user-media/previews/thumbs/137/137496.png?src=api&modified=1402499848","thumbnailWidth":"148","thumbnailHeight":"150","caption":"FEBE can perform quick on-demand 'quick' backups and even store them in a single, installable xpi file"},{"url":"https://addons.cdn.mozilla.net/user-media/previews/full/137/137498.png?src=api&modified=1402499848","width":"376","height":"367","thumbnailURL":"https://addons.cdn.mozilla.net/user-media/previews/thumbs/137/137498.png?src=api&modified=1402499848","thumbnailWidth":"154","thumbnailHeight":"150","caption":"FEBE can restore a profile into an existing one or you can create a brand new one."},{"url":"https://addons.cdn.mozilla.net/user-media/previews/full/137/137502.png?src=api&modified=1402499848","width":"581","height":"525","thumbnailURL":"https://addons.cdn.mozilla.net/user-media/previews/thumbs/137/137502.png?src=api&modified=1402499848","thumbnailWidth":"166","thumbnailHeight":"150","caption":"You can setup user-defined backups to backup/restore virtually any file on your computer"},{"url":"https://addons.cdn.mozilla.net/user-media/previews/full/137/137494.png?src=api&modified=1402499848","width":"540","height":"525","thumbnailURL":"https://addons.cdn.mozilla.net/user-media/previews/thumbs/137/137494.png?src=api&modified=1402499848","thumbnailWidth":"154","thumbnailHeight":"150","caption":"Version and other information pane including links to my other extensions."}],"applyBackgroundUpdates":1,"syncGUID":"HvDWl39_lcCb","install":null,"pendingUpgrade":null,"scope":1,"pendingOperations":0,"operationsRequiringRestart":6,"isDebuggable":false,"permissions":13,"isActive":true,"userDisabled":false,"softDisabled":false,"hidden":false,"isSystem":false,"id":"{4BBDD651-70CF-4821-84F8-2B918CF89CA3}","version":"8.9.2","isCompatible":true,"isPlatformCompatible":true,"providesUpdatesSecurely":true,"blocklistState":0,"blocklistURL":null,"appDisabled":false,"skinnable":false,"size":3928380,"foreignInstall":false,"hasBinaryComponents":false,"strictCompatibility":false,"compatibilityOverrides":null,"updateURL":null,"multiprocessCompatible":false,"signedState":2,"isCorrectlySigned":true,"fullDescription":"FEBE 可以有选择地备份您的扩展、主题、书签、首选项、密码、cookies 和 Firefox 提供的其他所有文件，它甚至可以备份及还原您的整个配置文件。\n\n特性：\n\n* 按每日、每周或每月进行定时自动备份。\n* 将备份文件保存在以时间戳格式命名的文件夹中以便于区分备份是何时创建的。您可以指定要保留的文件夹数目，FEBE 将删除早期备份的文件夹。\n* 备份提醒。如果在指定天数内未进行备份，FEBE 将自动提醒您进行备份。\n* 完整的备份结果报告，您可以点击其中的链接访问相应开发者的扩展/主题的主页。\n* 用户自定义备份。备份 Firefox 或其他程序任意的文件或文件夹，您只要指定要备份的内容，FEBE 将帮您完成剩余的工作。\n* 内建帮助文件。只要点击 FEBE 选项中的蓝色信息图标即可查阅相应帮助。\n* FEBE 6.0 使用了原生的 Firefox zip/unzip 组件。较 FEBE 的以往版本基于外部的、第三方的组件更加快速。\n* 只需点击一下就可以自动将备份文件上传到您的 Box.net 帐户中。(FEBE 6.0)\n* 验证您的扩展目录。升级到 Fx 3.0 时可能在扩展目录中留下一些无用的文件，FEBE 将帮您清除这些文件。 (FEBE 6.0)\n* 快速备份。您可以按照您的喜好快速备份任意数目的扩展/主题并将其打包为单一的、可安装的 xpi 文件（类似 CLEO）。 (FEBE 6.0)\n* 以及更多的新特性！","developerComments":"*** SUPPORT LINKS ***\nExtension home: http://SoftwareByChuck.com\nSupport forum: http://support.SoftwareByChuck.com","eula":null,"supportURL":"http://www.customsoftwareconsult.com/phpBB2/index.php","contributionURL":"https://addons.mozilla.org/zh-CN/firefox/addon/febe/developers?src=api","contributionAmount":"US$5.00","averageRating":4,"reviewCount":660,"reviewURL":"https://addons.mozilla.org/zh-CN/firefox/addon/febe/reviews/?src=api","totalDownloads":6449538,"weeklyDownloads":2757,"dailyUsers":110863,"repositoryStatus":4,"installDate":"2016-07-05T06:59:58.652Z","updateDate":"2016-07-05T06:59:58.652Z","sourceURI":{"spec":"https://addons.mozilla.org/firefox/downloads/file/417058/febe-8.9.2-fx.xpi?src=api","prePath":"https://addons.mozilla.org","scheme":"https","userPass":"","username":"","password":"","hostPort":"addons.mozilla.org","host":"addons.mozilla.org","port":-1,"path":"/firefox/downloads/file/417058/febe-8.9.2-fx.xpi?src=api","asciiSpec":"https://addons.mozilla.org/firefox/downloads/file/417058/febe-8.9.2-fx.xpi?src=api","asciiHostPort":"addons.mozilla.org","asciiHost":"addons.mozilla.org","originCharset":"UTF-8","ref":"","specIgnoringRef":"https://addons.mozilla.org/firefox/downloads/file/417058/febe-8.9.2-fx.xpi?src=api","hasRef":false},"releaseNotesURI":null,"name":"FEBE","description":"Backup your Firefox data","creator":{"name":"Chuck_Baker","url":"https://addons.mozilla.org/zh-CN/firefox/user/chuck_baker/?src=api"},"homepageURL":"http://softwarebychuck.com/","developers":null,"translators":[{"name":"www.babelzilla.org"}],"contributors":[{"name":"Leszek(teo)Życzkowski (pl-PL translation, XUL help, beta tester, options icons)"},{"name":"Ish Rodriguez (graphic design)"},{"name":"Piotr Chyliński (Toolbar icons and display logos)"}]}
{"seen":true,"type":"extension","aboutURL":null,"optionsURL":null,"optionsType":null,"iconURL":"jar:file:///D:/software/Firefox/Data/Firefox/extensions/zoomlevelplus@zoomlevelplus.net.xpi!/icon.png","icon64URL":"jar:file:///D:/software/Firefox/Data/Firefox/extensions/zoomlevelplus@zoomlevelplus.net.xpi!/icon64.png","icons":{"32":"jar:file:///D:/software/Firefox/Data/Firefox/extensions/zoomlevelplus@zoomlevelplus.net.xpi!/icon.png","48":"jar:file:///D:/software/Firefox/Data/Firefox/extensions/zoomlevelplus@zoomlevelplus.net.xpi!/icon.png","64":"jar:file:///D:/software/Firefox/Data/Firefox/extensions/zoomlevelplus@zoomlevelplus.net.xpi!/icon64.png"},"screenshots":null,"applyBackgroundUpdates":1,"syncGUID":"S2lX4LkaNP2n","install":null,"pendingUpgrade":null,"scope":1,"pendingOperations":0,"operationsRequiringRestart":0,"isDebuggable":true,"permissions":13,"isActive":true,"userDisabled":false,"softDisabled":false,"hidden":false,"isSystem":false,"id":"zoomlevelplus@zoomlevelplus.net","version":"48.0.0","isCompatible":true,"isPlatformCompatible":true,"providesUpdatesSecurely":true,"blocklistState":0,"blocklistURL":null,"appDisabled":false,"skinnable":false,"size":591786,"foreignInstall":false,"hasBinaryComponents":false,"strictCompatibility":false,"compatibilityOverrides":null,"updateURL":null,"multiprocessCompatible":true,"signedState":2,"isCorrectlySigned":true,"fullDescription":"Having a hard time reading on the web? Is that website with the ridiculously small font and hot-pink-on-slightly-darker-hot-pink text raising your blood pressure?\n\nNoSquint Plus is a Firefox addon that can:\n\n    Override the default text-only and full-page (both text and images) zoom levels for all websites\n    Enforce your own foreground and background colors\n    Remember your zoom levels and color settings per site, automatically applying them when you return.\n    A powerful exceptions mechanism lets you split up or group together sites with URL patterns.\n\n\nRight click on a web page to get “NoSquint Plus Site Settings” context menu option to tweak settings for a specific site. Global Settings button is also placed in Site Settings panel to tweak options globally for all sites.\n\nNoSquint Plus contains advanced color wheel that support 16 million colors, domain grouping and site exclusion supportfor Global Settings.\n\nTo prevent conflicts, please remove old NoSquint, restart your browser and install NoSquint Plus. You may also disable or remove other accessibility add-ons temporarily, restart your browser and install NoSquint Plus to check the add-on. Sometimes Firefox profiles get broken and unexpected behavior may happen. Please create a fresh profile by below Mozilla tutorial and test the NoSquint Plus by installing on this new profile.\n\nhttps://support.mozilla.org/en-US/kb/profile-manager-create-and-remove-firefox-profiles\n\nNoSquint Plus is also available for Google Chrome\nhttps://chrome.google.com/webstore/detail/nosquint-plus/jidjekdcooppfeggehblbigabhaihkgj/\n\nNoSquint Plus is also available for Opera\nhttps://addons.opera.com/en-gb/extensions/details/nosquint-plus/\n\nIf you may want to change the global font size, font family and zoom level used for the user interface of Firefox, you can use another add-on ( Theme Font & Size Changer ) from us.\nhttps://addons.mozilla.org/en-US/firefox/addon/theme-font-size-changer/\n\nIf you have any support questions, feature requests and bug reports, please do not hesitate to contact us by below support email address:\n\nsupport at barisderin dot com\n\nBest Regards,\n\nBaris Derin","developerComments":null,"eula":null,"supportURL":null,"contributionURL":null,"contributionAmount":null,"averageRating":5,"reviewCount":25,"reviewURL":"https://addons.mozilla.org/zh-CN/firefox/addon/nosquint-plus/reviews/?src=api","totalDownloads":55465,"weeklyDownloads":2420,"dailyUsers":18888,"repositoryStatus":4,"installDate":"2016-07-05T03:17:53.186Z","updateDate":"2016-08-07T07:24:08.795Z","sourceURI":{"spec":"https://addons.cdn.mozilla.net/user-media/addons/708264/nosquint_plus-48.0.0-fx.xpi?filehash=sha256%3Ada0586dbc3ff022cb306136275bbd63152204d41b37700a71e9575fa72d34f8d","prePath":"https://addons.cdn.mozilla.net","scheme":"https","userPass":"","username":"","password":"","hostPort":"addons.cdn.mozilla.net","host":"addons.cdn.mozilla.net","port":-1,"path":"/user-media/addons/708264/nosquint_plus-48.0.0-fx.xpi?filehash=sha256%3Ada0586dbc3ff022cb306136275bbd63152204d41b37700a71e9575fa72d34f8d","asciiSpec":"https://addons.cdn.mozilla.net/user-media/addons/708264/nosquint_plus-48.0.0-fx.xpi?filehash=sha256%3Ada0586dbc3ff022cb306136275bbd63152204d41b37700a71e9575fa72d34f8d","asciiHostPort":"addons.cdn.mozilla.net","asciiHost":"addons.cdn.mozilla.net","originCharset":"UTF-8","ref":"","specIgnoringRef":"https://addons.cdn.mozilla.net/user-media/addons/708264/nosquint_plus-48.0.0-fx.xpi?filehash=sha256%3Ada0586dbc3ff022cb306136275bbd63152204d41b37700a71e9575fa72d34f8d","hasRef":false},"releaseNotesURI":{"spec":"https://addons.mozilla.org/versions/updateInfo/1909468/zh-CN/","prePath":"https://addons.mozilla.org","scheme":"https","userPass":"","username":"","password":"","hostPort":"addons.mozilla.org","host":"addons.mozilla.org","port":-1,"path":"/versions/updateInfo/1909468/zh-CN/","asciiSpec":"https://addons.mozilla.org/versions/updateInfo/1909468/zh-CN/","asciiHostPort":"addons.mozilla.org","asciiHost":"addons.mozilla.org","originCharset":"UTF-8","ref":"","specIgnoringRef":"https://addons.mozilla.org/versions/updateInfo/1909468/zh-CN/","hasRef":false},"name":"NoSquint Plus","description":"Manage site-specific zoom levels and color settings.","creator":{"name":"Baris Derin","url":"https://addons.mozilla.org/zh-CN/firefox/user/baris-derin/?src=api"},"homepageURL":"https://addons.mozilla.org/zh-CN/firefox/addon/nosquint-plus/?src=api","developers":null}
{"seen":true,"type":"extension","aboutURL":null,"optionsURL":null,"optionsType":null,"iconURL":null,"icon64URL":null,"icons":{},"screenshots":null,"applyBackgroundUpdates":1,"syncGUID":"-QYZDcjC6rce","install":null,"pendingUpgrade":null,"scope":1,"pendingOperations":0,"operationsRequiringRestart":0,"isDebuggable":true,"permissions":4,"isActive":true,"userDisabled":false,"softDisabled":false,"hidden":true,"isSystem":true,"id":"e10srollout@mozilla.org","version":"1.1","isCompatible":true,"isPlatformCompatible":true,"providesUpdatesSecurely":true,"blocklistState":0,"blocklistURL":null,"appDisabled":false,"skinnable":false,"size":4827,"foreignInstall":false,"hasBinaryComponents":false,"strictCompatibility":false,"compatibilityOverrides":null,"updateURL":null,"multiprocessCompatible":false,"isCorrectlySigned":true,"fullDescription":null,"developerComments":null,"eula":null,"supportURL":null,"contributionURL":null,"contributionAmount":null,"averageRating":null,"reviewCount":null,"reviewURL":null,"totalDownloads":null,"weeklyDownloads":null,"dailyUsers":null,"repositoryStatus":null,"installDate":"2016-05-04T07:20:50.164Z","updateDate":"2016-08-25T01:10:04.168Z","sourceURI":null,"releaseNotesURI":null,"name":"Multi-process staged rollout","description":"Staged rollout of Firefox multi-process feature.","creator":null,"homepageURL":null}
{"seen":true,"type":"extension","aboutURL":null,"optionsURL":null,"optionsType":null,"iconURL":null,"icon64URL":null,"icons":{},"screenshots":null,"applyBackgroundUpdates":1,"syncGUID":"LDCe3L_gfSNm","install":null,"pendingUpgrade":null,"scope":1,"pendingOperations":0,"operationsRequiringRestart":0,"isDebuggable":true,"permissions":4,"isActive":true,"userDisabled":false,"softDisabled":false,"hidden":true,"isSystem":true,"id":"firefox@getpocket.com","version":"1.0.4","isCompatible":true,"isPlatformCompatible":true,"providesUpdatesSecurely":true,"blocklistState":0,"blocklistURL":null,"appDisabled":false,"skinnable":false,"size":895301,"foreignInstall":false,"hasBinaryComponents":false,"strictCompatibility":false,"compatibilityOverrides":null,"updateURL":null,"multiprocessCompatible":false,"isCorrectlySigned":true,"fullDescription":null,"developerComments":null,"eula":null,"supportURL":null,"contributionURL":null,"contributionAmount":null,"averageRating":null,"reviewCount":null,"reviewURL":null,"totalDownloads":null,"weeklyDownloads":null,"dailyUsers":null,"repositoryStatus":null,"installDate":"2016-05-04T07:20:49.941Z","updateDate":"2016-08-25T01:10:04.159Z","sourceURI":null,"releaseNotesURI":null,"name":"Pocket","description":"When you find something you want to view later, put it in Pocket.","creator":null,"homepageURL":null}
{"seen":true,"type":"extension","aboutURL":null,"optionsURL":null,"optionsType":null,"iconURL":null,"icon64URL":null,"icons":{"32":null,"64":null},"screenshots":null,"applyBackgroundUpdates":1,"syncGUID":"rfq8yZXFy-TO","install":null,"pendingUpgrade":null,"scope":1,"pendingOperations":0,"operationsRequiringRestart":0,"isDebuggable":true,"permissions":4,"isActive":true,"userDisabled":false,"softDisabled":false,"hidden":true,"isSystem":true,"id":"loop@mozilla.org","version":"1.4.4","isCompatible":true,"isPlatformCompatible":true,"providesUpdatesSecurely":true,"blocklistState":0,"blocklistURL":null,"appDisabled":false,"skinnable":false,"size":4313945,"foreignInstall":false,"hasBinaryComponents":false,"strictCompatibility":false,"compatibilityOverrides":null,"updateURL":null,"multiprocessCompatible":false,"isCorrectlySigned":true,"fullDescription":"Firefox Hello is being discontinued. Learn more\n\nThe add-on will not work in Firefox 49 or later. We will post an update to the add-on to remove itself once we have stopped supporting it.","developerComments":null,"eula":null,"supportURL":"https://github.com/mozilla/loop/blob/master/README.md#issues","contributionURL":null,"contributionAmount":null,"averageRating":2,"reviewCount":10,"reviewURL":"https://addons.mozilla.org/zh-CN/firefox/addon/firefox-hello-beta/reviews/?src=api","totalDownloads":12874,"weeklyDownloads":70,"dailyUsers":12874,"repositoryStatus":4,"installDate":"2016-05-03T02:03:05.666Z","updateDate":"2016-08-23T04:41:07.012Z","sourceURI":{"spec":"https://addons.mozilla.org/firefox/downloads/file/485393/firefox_hello_beta-1.5.0-fx.xpi?src=api","prePath":"https://addons.mozilla.org","scheme":"https","userPass":"","username":"","password":"","hostPort":"addons.mozilla.org","host":"addons.mozilla.org","port":-1,"path":"/firefox/downloads/file/485393/firefox_hello_beta-1.5.0-fx.xpi?src=api","asciiSpec":"https://addons.mozilla.org/firefox/downloads/file/485393/firefox_hello_beta-1.5.0-fx.xpi?src=api","asciiHostPort":"addons.mozilla.org","asciiHost":"addons.mozilla.org","originCharset":"UTF-8","ref":"","specIgnoringRef":"https://addons.mozilla.org/firefox/downloads/file/485393/firefox_hello_beta-1.5.0-fx.xpi?src=api","hasRef":false},"releaseNotesURI":null,"name":"Firefox Hello","description":"Web sharing for Firefox","creator":{"name":"Standard8","url":"https://addons.mozilla.org/zh-CN/firefox/user/standard8/?src=api"},"homepageURL":"https://github.com/mozilla/loop","developers":[{"name":"Ian Bicking","url":"https://addons.mozilla.org/zh-CN/firefox/user/ianb/?src=api"}]}
{"seen":true,"type":"theme","aboutURL":null,"optionsURL":null,"optionsType":null,"iconURL":"jar:file:///D:/software/Firefox/App/Firefox/browser/extensions/%7B972ce4c6-7e08-4474-a285-3208198ce6fd%7D.xpi!/icon.png","icon64URL":"jar:file:///D:/software/Firefox/App/Firefox/browser/extensions/%7B972ce4c6-7e08-4474-a285-3208198ce6fd%7D.xpi!/icon.png","icons":{"32":"jar:file:///D:/software/Firefox/App/Firefox/browser/extensions/%7B972ce4c6-7e08-4474-a285-3208198ce6fd%7D.xpi!/icon.png","48":"jar:file:///D:/software/Firefox/App/Firefox/browser/extensions/%7B972ce4c6-7e08-4474-a285-3208198ce6fd%7D.xpi!/icon.png"},"screenshots":null,"applyBackgroundUpdates":1,"syncGUID":"jG5gayYt-dto","install":null,"pendingUpgrade":null,"scope":4,"pendingOperations":0,"operationsRequiringRestart":0,"permissions":0,"isActive":true,"userDisabled":false,"softDisabled":false,"hidden":false,"isSystem":false,"id":"{972ce4c6-7e08-4474-a285-3208198ce6fd}","version":"48.0.2","isCompatible":true,"isPlatformCompatible":true,"providesUpdatesSecurely":true,"blocklistState":0,"blocklistURL":null,"appDisabled":false,"skinnable":true,"size":21905,"foreignInstall":false,"hasBinaryComponents":false,"strictCompatibility":true,"compatibilityOverrides":null,"updateURL":null,"isCorrectlySigned":true,"fullDescription":null,"developerComments":null,"eula":null,"supportURL":null,"contributionURL":null,"contributionAmount":null,"averageRating":null,"reviewCount":null,"reviewURL":null,"totalDownloads":null,"weeklyDownloads":null,"dailyUsers":null,"repositoryStatus":null,"installDate":"2015-10-07T02:34:51.038Z","updateDate":"2016-08-25T01:10:04.179Z","sourceURI":null,"releaseNotesURI":null,"name":"默认","description":"默认主题。","creator":{"name":"Mozilla"},"homepageURL":null,"contributors":[{"name":"Mozilla Contributors"}]}
{"seen":true,"type":"extension","aboutURL":"chrome://dta/content/about/about.xul","optionsURL":"chrome://dta/content/preferences/prefs.xul","optionsType":1,"iconURL":"chrome://dtaicon/content/icon.png","icon64URL":"chrome://dtaicon/content/icon64.png","icons":{"32":"chrome://dtaicon/content/icon.png","48":"chrome://dtaicon/content/icon.png","64":"chrome://dtaicon/content/icon64.png"},"screenshots":[{"url":"https://addons.cdn.mozilla.net/user-media/previews/full/18/18836.png?src=api&modified=1331218902","width":"616","height":"525","thumbnailURL":"https://addons.cdn.mozilla.net/user-media/previews/thumbs/18/18836.png?src=api&modified=1331218902","thumbnailWidth":"176","thumbnailHeight":"150","caption":"Selection window (Windows)"},{"url":"https://addons.cdn.mozilla.net/user-media/previews/full/18/18838.png?src=api&modified=1331218902","width":"700","height":"449","thumbnailURL":"https://addons.cdn.mozilla.net/user-media/previews/thumbs/18/18838.png?src=api&modified=1331218902","thumbnailWidth":"200","thumbnailHeight":"128","caption":"Manager window (Mac OS X)"},{"url":"https://addons.cdn.mozilla.net/user-media/previews/full/18/18839.png?src=api&modified=1331218902","width":"543","height":"419","thumbnailURL":"https://addons.cdn.mozilla.net/user-media/previews/thumbs/18/18839.png?src=api&modified=1331218902","thumbnailWidth":"194","thumbnailHeight":"150","caption":"Adding new Downloads (Ubuntu)"},{"url":"https://addons.cdn.mozilla.net/user-media/previews/full/18/18840.png?src=api&modified=1331218902","width":"240","height":"136","thumbnailURL":"https://addons.cdn.mozilla.net/user-media/previews/thumbs/18/18840.png?src=api&modified=1331218902","thumbnailWidth":"200","thumbnailHeight":"113","caption":"Toolbar buttons (Windows)"}],"applyBackgroundUpdates":1,"syncGUID":"jOGdryZtqzmF","install":null,"pendingUpgrade":null,"scope":1,"pendingOperations":0,"operationsRequiringRestart":0,"isDebuggable":true,"permissions":13,"isActive":true,"userDisabled":false,"softDisabled":false,"hidden":false,"isSystem":false,"id":"{DDC359D1-844A-42a7-9AA1-88A850A938A8}","version":"3.0.6","isCompatible":true,"isPlatformCompatible":true,"providesUpdatesSecurely":true,"blocklistState":0,"blocklistURL":null,"appDisabled":false,"skinnable":false,"size":2333368,"foreignInstall":false,"hasBinaryComponents":false,"strictCompatibility":false,"compatibilityOverrides":null,"updateURL":null,"multiprocessCompatible":true,"signedState":2,"isCorrectlySigned":true,"fullDescription":"DownThemAll满足您对一个下载管理器的需求:提供高级加速器可增加4倍以上的加速并且允许您随时暂停并恢复下载。\n\nDownThemAll快速，可靠并且容易使用！它让您可以下载页面中的所有链接和图像，还有更多：您可以用可高度可定制的条件提纯您的下载，来获取您想要的！可完全控制下载，随时指定速度和并发连接数量。使用Metalinks或手动增加镜像从其它服务器同时下载文件。\n\nDownThemAll开源，免费。无广告，无间谍软件，无吸费陷阱！\n\n更多信息请查看我们的 产品特点页面。\n\nPlease do NOT report any bugs and issues in the user review section, but file a bug report instead. This is the only way to make sure we actually see it, and it also makes communicating to us/with you a lot easier. Thanks","developerComments":"DownThemAll! 3.0 Beta versions are available from downthemall.net. We urge people willing to help out with testing to have a look. Please note that these preview versions on our homepage were NOT reviewed by mozilla yet.\n\nIMPORTANT! You're strongly encouraged to post any problem you may be experiencing at our bug tracker!\nThanks for your great support!\nWe, in general, do not monitor discussions taking place here or at other popular forums. There is simply no time for that.\n\nAll releases are also available from: https://code.downthemall.net/releases/\nIt is however encouraged to use the version published here on Mozilla Add-Ons.\n\nDownThemAll! in your language: You can help making available DownThemAll! in your language, or improving existing translations. For more information about how to get involved, please see: DownThemAll! 2.0 translation started.","eula":null,"supportURL":"http://www.downthemall.net/howto/faq/#faq5","contributionURL":"https://addons.mozilla.org/zh-CN/firefox/addon/downthemall/developers?src=api","contributionAmount":"US$10.00","averageRating":4,"reviewCount":1787,"reviewURL":"https://addons.mozilla.org/zh-CN/firefox/addon/downthemall/reviews/?src=api","totalDownloads":74433464,"weeklyDownloads":77852,"dailyUsers":1281607,"repositoryStatus":4,"installDate":"2015-11-04T05:49:49.341Z","updateDate":"2016-09-06T01:58:10.628Z","sourceURI":{"spec":"https://addons.cdn.mozilla.net/user-media/addons/201/downthemall-3.0.6-sm+fx.xpi?filehash=sha256%3A84c2abea72d219a729245d7def0cef2ae251e62302e5c01c3e3e401fcc3e4f5b","prePath":"https://addons.cdn.mozilla.net","scheme":"https","userPass":"","username":"","password":"","hostPort":"addons.cdn.mozilla.net","host":"addons.cdn.mozilla.net","port":-1,"path":"/user-media/addons/201/downthemall-3.0.6-sm+fx.xpi?filehash=sha256%3A84c2abea72d219a729245d7def0cef2ae251e62302e5c01c3e3e401fcc3e4f5b","asciiSpec":"https://addons.cdn.mozilla.net/user-media/addons/201/downthemall-3.0.6-sm+fx.xpi?filehash=sha256%3A84c2abea72d219a729245d7def0cef2ae251e62302e5c01c3e3e401fcc3e4f5b","asciiHostPort":"addons.cdn.mozilla.net","asciiHost":"addons.cdn.mozilla.net","originCharset":"UTF-8","ref":"","specIgnoringRef":"https://addons.cdn.mozilla.net/user-media/addons/201/downthemall-3.0.6-sm+fx.xpi?filehash=sha256%3A84c2abea72d219a729245d7def0cef2ae251e62302e5c01c3e3e401fcc3e4f5b","hasRef":false},"releaseNotesURI":{"spec":"https://addons.mozilla.org/versions/updateInfo/1927497/zh-CN/","prePath":"https://addons.mozilla.org","scheme":"https","userPass":"","username":"","password":"","hostPort":"addons.mozilla.org","host":"addons.mozilla.org","port":-1,"path":"/versions/updateInfo/1927497/zh-CN/","asciiSpec":"https://addons.mozilla.org/versions/updateInfo/1927497/zh-CN/","asciiHostPort":"addons.mozilla.org","asciiHost":"addons.mozilla.org","originCharset":"UTF-8","ref":"","specIgnoringRef":"https://addons.mozilla.org/versions/updateInfo/1927497/zh-CN/","hasRef":false},"name":"DownThemAll!","description":"Firefox 的批量下载工具。","creator":{"name":"Nils Maier","url":"https://addons.mozilla.org/zh-CN/firefox/user/nils-maier/?src=api"},"homepageURL":"http://downthemall.net/","developers":[{"name":"Federico Parodi"},{"name":"Stefano Verna"},{"name":"Nils Maier"}],"translators":[{"name":"Cye3s & Blacko"}]}
{"seen":true,"type":"extension","aboutURL":null,"optionsURL":null,"optionsType":null,"iconURL":"https://addons.cdn.mozilla.net/user-media/addon_icons/371/371371-64.png?modified=1473254416","icon64URL":"https://addons.cdn.mozilla.net/user-media/addon_icons/371/371371-64.png?modified=1473254416","icons":{"32":"https://addons.cdn.mozilla.net/user-media/addon_icons/371/371371-32.png?modified=1473254416","64":"https://addons.cdn.mozilla.net/user-media/addon_icons/371/371371-64.png?modified=1473254416"},"screenshots":[{"url":"https://addons.cdn.mozilla.net/user-media/previews/full/69/69767.png?src=api&modified=1358972848","width":"640","height":"400","thumbnailURL":"https://addons.cdn.mozilla.net/user-media/previews/thumbs/69/69767.png?src=api&modified=1358972848","thumbnailWidth":"200","thumbnailHeight":"125","caption":"VIEW"},{"url":"https://addons.cdn.mozilla.net/user-media/previews/full/88/88170.png?src=api&modified=1359001653","width":"700","height":"475","thumbnailURL":"https://addons.cdn.mozilla.net/user-media/previews/thumbs/88/88170.png?src=api&modified=1359001653","thumbnailWidth":"200","thumbnailHeight":"136","caption":"GUI"}],"applyBackgroundUpdates":1,"syncGUID":"Tpy1jJKhtvp1","install":null,"pendingUpgrade":null,"scope":1,"pendingOperations":0,"operationsRequiringRestart":0,"isDebuggable":true,"permissions":13,"isActive":true,"userDisabled":false,"softDisabled":false,"hidden":false,"isSystem":false,"id":"jsonhandle@gmail.com","version":"1.4.10","isCompatible":true,"isPlatformCompatible":true,"providesUpdatesSecurely":true,"blocklistState":0,"blocklistURL":null,"appDisabled":false,"skinnable":false,"size":351126,"foreignInstall":false,"hasBinaryComponents":false,"strictCompatibility":false,"compatibilityOverrides":null,"updateURL":null,"multiprocessCompatible":false,"signedState":2,"isCorrectlySigned":true,"fullDescription":"Edit and browse JSON document in a node tree diagram.\n\nopen the URL will trigger JSON-handle:\n打开下面网址可以看到JSON-handle启动的效果：\nhttp://viewvc.svn.mozilla.org/vc/libs/product-details/json/firefox_versions.json?view=co&revision=103936&content-type=text%2Fplain","developerComments":null,"eula":null,"supportURL":"http://jsonhandle.sinaapp.com/","contributionURL":null,"contributionAmount":null,"averageRating":4,"reviewCount":34,"reviewURL":"https://addons.mozilla.org/zh-CN/firefox/addon/json-handle/reviews/?src=api","totalDownloads":161512,"weeklyDownloads":2179,"dailyUsers":16007,"repositoryStatus":4,"installDate":"2015-11-04T05:49:49.428Z","updateDate":"2016-09-08T02:11:53.764Z","sourceURI":{"spec":"https://addons.cdn.mozilla.net/user-media/addons/371371/json_handle-1.4.10-fx.xpi?filehash=sha256%3A951e3259fa2c98fea3044c04b58ad8b51d733a588931ee80bfe8bff9d1161b0f","prePath":"https://addons.cdn.mozilla.net","scheme":"https","userPass":"","username":"","password":"","hostPort":"addons.cdn.mozilla.net","host":"addons.cdn.mozilla.net","port":-1,"path":"/user-media/addons/371371/json_handle-1.4.10-fx.xpi?filehash=sha256%3A951e3259fa2c98fea3044c04b58ad8b51d733a588931ee80bfe8bff9d1161b0f","asciiSpec":"https://addons.cdn.mozilla.net/user-media/addons/371371/json_handle-1.4.10-fx.xpi?filehash=sha256%3A951e3259fa2c98fea3044c04b58ad8b51d733a588931ee80bfe8bff9d1161b0f","asciiHostPort":"addons.cdn.mozilla.net","asciiHost":"addons.cdn.mozilla.net","originCharset":"UTF-8","ref":"","specIgnoringRef":"https://addons.cdn.mozilla.net/user-media/addons/371371/json_handle-1.4.10-fx.xpi?filehash=sha256%3A951e3259fa2c98fea3044c04b58ad8b51d733a588931ee80bfe8bff9d1161b0f","hasRef":false},"releaseNotesURI":{"spec":"https://addons.mozilla.org/versions/updateInfo/1929212/zh-CN/","prePath":"https://addons.mozilla.org","scheme":"https","userPass":"","username":"","password":"","hostPort":"addons.mozilla.org","host":"addons.mozilla.org","port":-1,"path":"/versions/updateInfo/1929212/zh-CN/","asciiSpec":"https://addons.mozilla.org/versions/updateInfo/1929212/zh-CN/","asciiHostPort":"addons.mozilla.org","asciiHost":"addons.mozilla.org","originCharset":"UTF-8","ref":"","specIgnoringRef":"https://addons.mozilla.org/versions/updateInfo/1929212/zh-CN/","hasRef":false},"name":"JSON-handle","description":"It's a browser and editor for JSON document.You can get a beautiful view.","creator":{"name":"stonepurple","url":"https://addons.mozilla.org/zh-CN/firefox/user/stonepurple/?src=api"},"homepageURL":"https://addons.mozilla.org/zh-CN/firefox/addon/json-handle/?src=api","developers":null}
{"_plugin":{"id":"gmp-gmpopenh264","name":"OpenH264 视频编码器，思科系统公司提供。","description":"此插件由 Mozilla 自动安装，以符合 WebRTC 技术标准，满足设备进行 WebRTC 通话所需要的 H.264 视频编码器。访问 http://www.openh264.org/ 可查看编码器的源代码和详细了解其实现。","homepageURL":"http://www.openh264.org/","optionsURL":"chrome://mozapps/content/extensions/gmpPrefs.xul","wrapper":{"_log":{},"_gmpPath":"D:\\software\\Firefox\\Data\\Firefox\\gmp-gmpopenh264\\1.6"},"missingKey":"VIDEO_OPENH264_GMP_DISAPPEARED","missingFilesKey":"VIDEO_OPENH264_GMP_MISSING_FILES","fullDescription":"<xhtml:a href=\"chrome://mozapps/content/extensions/OpenH264-license.txt\" target=\"_blank\">许可协议信息</xhtml:a>."},"_gmpPath":"D:\\software\\Firefox\\Data\\Firefox\\gmp-gmpopenh264\\1.6","_updateTask":null,"_isUpdateCheckPending":false,"optionsType":2,"optionsURL":"chrome://mozapps/content/extensions/gmpPrefs.xul","gmpPath":"D:\\software\\Firefox\\Data\\Firefox\\gmp-gmpopenh264\\1.6","missingKey":"VIDEO_OPENH264_GMP_DISAPPEARED","missingFilesKey":"VIDEO_OPENH264_GMP_MISSING_FILES","id":"gmp-gmpopenh264","type":"plugin","isGMPlugin":true,"name":"OpenH264 视频编码器，思科系统公司提供。","creator":null,"homepageURL":"http://www.openh264.org/","description":"此插件由 Mozilla 自动安装，以符合 WebRTC 技术标准，满足设备进行 WebRTC 通话所需要的 H.264 视频编码器。访问 http://www.openh264.org/ 可查看编码器的源代码和详细了解其实现。","fullDescription":"<xhtml:a href=\"chrome://mozapps/content/extensions/OpenH264-license.txt\" target=\"_blank\">许可协议信息</xhtml:a>.","version":"1.6","isActive":true,"appDisabled":false,"userDisabled":false,"blocklistState":0,"size":0,"scope":4,"pendingOperations":0,"operationsRequiringRestart":0,"permissions":12,"updateDate":"2016-08-18T03:31:45.000Z","isCompatible":true,"isPlatformCompatible":true,"providesUpdatesSecurely":true,"foreignInstall":false,"applyBackgroundUpdates":1,"pluginMimeTypes":[],"pluginLibraries":["1.6"],"pluginFullpath":["D:\\software\\Firefox\\Data\\Firefox\\gmp-gmpopenh264\\1.6"],"isInstalled":true}
{"_plugin":{"id":"gmp-eme-adobe","name":"Adobe 系统公司提供的 Primetime 内容加密模块","description":"播放受保护的网络视频。","homepageURL":"http://help.adobe.com/en_US/primetime/drm/HTML5_CDM","optionsURL":"chrome://mozapps/content/extensions/gmpPrefs.xul","wrapper":{"_log":{},"_gmpPath":"D:\\software\\Firefox\\Data\\Firefox\\gmp-eme-adobe\\17"},"isEME":true,"missingKey":"VIDEO_ADOBE_GMP_DISAPPEARED","missingFilesKey":"VIDEO_ADOBE_GMP_MISSING_FILES","fullDescription":"<xhtml:a href=\"https://support.mozilla.org/1/firefox/48.0.2/WINNT/zh-CN/drm-content\" target=\"_blank\">详细了解</xhtml:a>.<xhtml:br /><xhtml:br /><xhtml:a href=\"http://help.adobe.com/en_US/primetime/drm/HTML5_CDM_EULA/index.html\" target=\"_blank\">许可协议信息</xhtml:a>."},"_gmpPath":"D:\\software\\Firefox\\Data\\Firefox\\gmp-eme-adobe\\17","_updateTask":null,"_isUpdateCheckPending":false,"optionsType":2,"optionsURL":"chrome://mozapps/content/extensions/gmpPrefs.xul","gmpPath":"D:\\software\\Firefox\\Data\\Firefox\\gmp-eme-adobe\\17","missingKey":"VIDEO_ADOBE_GMP_DISAPPEARED","missingFilesKey":"VIDEO_ADOBE_GMP_MISSING_FILES","id":"gmp-eme-adobe","type":"plugin","isGMPlugin":true,"name":"Adobe 系统公司提供的 Primetime 内容加密模块","creator":null,"homepageURL":"http://help.adobe.com/en_US/primetime/drm/HTML5_CDM","description":"播放受保护的网络视频。","fullDescription":"<xhtml:a href=\"https://support.mozilla.org/1/firefox/48.0.2/WINNT/zh-CN/drm-content\" target=\"_blank\">详细了解</xhtml:a>.<xhtml:br /><xhtml:br /><xhtml:a href=\"http://help.adobe.com/en_US/primetime/drm/HTML5_CDM_EULA/index.html\" target=\"_blank\">许可协议信息</xhtml:a>.","version":"17","isActive":true,"appDisabled":false,"userDisabled":false,"blocklistState":0,"size":0,"scope":4,"pendingOperations":0,"operationsRequiringRestart":0,"permissions":12,"updateDate":"2016-06-07T07:39:08.000Z","isCompatible":true,"isPlatformCompatible":true,"providesUpdatesSecurely":true,"foreignInstall":false,"applyBackgroundUpdates":1,"pluginMimeTypes":[],"pluginLibraries":["17"],"pluginFullpath":["D:\\software\\Firefox\\Data\\Firefox\\gmp-eme-adobe\\17"],"isInstalled":true}
{"_plugin":{"id":"gmp-widevinecdm","name":"Google 公司提供的 Widevine 内容解密模块","description":"播放受保护的网络视频。","homepageURL":"https://www.widevine.com/","optionsURL":"chrome://mozapps/content/extensions/gmpPrefs.xul","wrapper":{"_log":{},"_gmpPath":"D:\\software\\Firefox\\Data\\Firefox\\gmp-widevinecdm\\1.4.8.866"},"isEME":true,"fullDescription":"<xhtml:a href=\"https://www.google.com/policies/privacy/\" target=\"_blank\">隐私信息</xhtml:a>."},"_gmpPath":"D:\\software\\Firefox\\Data\\Firefox\\gmp-widevinecdm\\1.4.8.866","_updateTask":null,"_isUpdateCheckPending":false,"optionsType":2,"optionsURL":"chrome://mozapps/content/extensions/gmpPrefs.xul","gmpPath":"D:\\software\\Firefox\\Data\\Firefox\\gmp-widevinecdm\\1.4.8.866","id":"gmp-widevinecdm","type":"plugin","isGMPlugin":true,"name":"Google 公司提供的 Widevine 内容解密模块","creator":null,"homepageURL":"https://www.widevine.com/","description":"播放受保护的网络视频。","fullDescription":"<xhtml:a href=\"https://www.google.com/policies/privacy/\" target=\"_blank\">隐私信息</xhtml:a>.","version":"1.4.8.866","isActive":true,"appDisabled":false,"userDisabled":false,"blocklistState":0,"size":0,"scope":4,"pendingOperations":0,"operationsRequiringRestart":0,"permissions":12,"updateDate":"2016-06-08T02:51:14.000Z","isCompatible":true,"isPlatformCompatible":true,"providesUpdatesSecurely":true,"foreignInstall":false,"applyBackgroundUpdates":1,"pluginMimeTypes":[],"pluginLibraries":["1.4.8.866"],"pluginFullpath":["D:\\software\\Firefox\\Data\\Firefox\\gmp-widevinecdm\\1.4.8.866"],"isInstalled":true}
{"id":"{149a9d38-973f-00d3-e1f7-e77345ae5f26}","type":"plugin","name":"VMware Remote Console Plug-in","creator":null,"description":"VMware Remote Console Plug-in","version":"5.5.0.34615","homepageURL":null,"isActive":true,"appDisabled":false,"userDisabled":"askToActivate","blocklistState":0,"blocklistURL":null,"size":904192,"pluginLibraries":["np-vmware-vmrc.dll","np-vmware-vmrc.dll"],"pluginFullpath":["C:\\Program Files (x86)\\Common Files\\VMware\\VMware Remote Console Plug-in 5.5\\Firefox\\np-vmware-vmrc.dll","C:\\Program Files (x86)\\Common Files\\VMware\\VMware Remote Console Plug-in 5.1\\Firefox\\np-vmware-vmrc.dll"],"pluginMimeTypes":[{"type":"application/x-vmware-remote-console-2012","description":"VMware Remote Console Plug-in","suffixes":""},{"type":"application/x-vmware-remote-console-2012","description":"VMware Remote Console Plug-in","suffixes":""}],"installDate":"2014-11-18T16:55:06.000Z","scope":8,"pendingOperations":0,"operationsRequiringRestart":0,"permissions":6,"optionsType":4,"optionsURL":"chrome://mozapps/content/extensions/pluginPrefs.xul","updateDate":"2014-11-18T16:55:06.000Z","isCompatible":true,"isPlatformCompatible":true,"providesUpdatesSecurely":true,"foreignInstall":true}
{"id":"{10c68f07-63a6-4653-8f43-9fc763f22443}","type":"plugin","name":"Google Update","creator":null,"description":"Google Update","version":"1.3.31.5","homepageURL":null,"isActive":true,"appDisabled":false,"userDisabled":"askToActivate","blocklistState":0,"blocklistURL":null,"size":628888,"pluginLibraries":["npGoogleUpdate3.dll"],"pluginFullpath":["C:\\Program Files (x86)\\Google\\Update\\1.3.31.5\\npGoogleUpdate3.dll"],"pluginMimeTypes":[{"type":"application/x-vnd.google.update3webcontrol.3","description":"","suffixes":""},{"type":"application/x-vnd.google.oneclickctrl.9","description":"","suffixes":""}],"installDate":"2016-09-08T03:37:35.460Z","scope":8,"pendingOperations":0,"operationsRequiringRestart":0,"permissions":6,"optionsType":4,"optionsURL":"chrome://mozapps/content/extensions/pluginPrefs.xul","updateDate":"2016-09-08T03:37:35.460Z","isCompatible":true,"isPlatformCompatible":true,"providesUpdatesSecurely":true,"foreignInstall":true}
{"id":"{59726cc5-15fd-5bd9-4413-18b11271c9b6}","type":"plugin","name":"Tencent FTN plug-in","creator":null,"description":"Tencent FTN plug-in","version":"1.0.0.4","homepageURL":null,"isActive":true,"appDisabled":false,"userDisabled":"askToActivate","blocklistState":0,"blocklistURL":null,"size":290816,"pluginLibraries":["nptxftnWebKit.dll"],"pluginFullpath":["C:\\Program Files (x86)\\QQMailPlugin\\nptxftnWebKit.dll"],"pluginMimeTypes":[{"type":"application/txftn-webkit","description":"nptxftn","suffixes":""}],"installDate":"2013-04-08T08:02:14.000Z","scope":8,"pendingOperations":0,"operationsRequiringRestart":0,"permissions":6,"optionsType":4,"optionsURL":"chrome://mozapps/content/extensions/pluginPrefs.xul","updateDate":"2013-04-08T08:02:14.000Z","isCompatible":true,"isPlatformCompatible":true,"providesUpdatesSecurely":true,"foreignInstall":true}
{"id":"{faa2318c-803f-4235-b1fb-b4e9bc9eccc6}","type":"plugin","name":"QQMail Plugin","creator":null,"description":"QQMail plugin for WebKit #1.0.0.22","version":"1.0.0.22","homepageURL":null,"isActive":true,"appDisabled":false,"userDisabled":"askToActivate","blocklistState":0,"blocklistURL":null,"size":88088,"pluginLibraries":["npQQMailWebKit.dll"],"pluginFullpath":["C:\\Program Files (x86)\\QQMailPlugin\\npQQMailWebKit.dll"],"pluginMimeTypes":[{"type":"application/x-tencent-qmail-webkit","description":"QQMailPlugin for webkit","suffixes":""},{"type":"application/x-tencent-qmail","description":"QQMailPlugin for webkit","suffixes":""}],"installDate":"2013-04-25T08:19:00.000Z","scope":8,"pendingOperations":0,"operationsRequiringRestart":0,"permissions":6,"optionsType":4,"optionsURL":"chrome://mozapps/content/extensions/pluginPrefs.xul","updateDate":"2013-04-25T08:19:00.000Z","isCompatible":true,"isPlatformCompatible":true,"providesUpdatesSecurely":true,"foreignInstall":true}
{"id":"{3850fbd0-3d7d-6285-6fc2-0a469a9c405c}","type":"plugin","name":"Tencent SSO Platform","creator":null,"description":"QQ QuickLogin Helper","version":"1.0.1.16","homepageURL":null,"isActive":true,"appDisabled":false,"userDisabled":"askToActivate","blocklistState":0,"blocklistURL":null,"size":292968,"pluginLibraries":["npSSOAxCtrlForPTLogin.dll"],"pluginFullpath":["C:\\Program Files (x86)\\Common Files\\Tencent\\TXSSO\\1.2.4.3\\Bin\\npSSOAxCtrlForPTLogin.dll"],"pluginMimeTypes":[{"type":"application/nptxsso","description":"TXSSO","suffixes":""}],"installDate":"2016-05-05T10:49:18.000Z","scope":8,"pendingOperations":0,"operationsRequiringRestart":0,"permissions":6,"optionsType":4,"optionsURL":"chrome://mozapps/content/extensions/pluginPrefs.xul","updateDate":"2016-05-05T10:49:18.000Z","isCompatible":true,"isPlatformCompatible":true,"providesUpdatesSecurely":true,"foreignInstall":true}
{"id":"{deac7b62-417b-5f7a-facd-78b3f49586f0}","type":"plugin","name":"QQÒôÀÖ²¥·Å¿Ø¼þ","creator":null,"description":"QQÒôÀÖ²¥·Å¿Ø¼þ","version":"9.51.3087.226","homepageURL":null,"isActive":true,"appDisabled":false,"userDisabled":"askToActivate","blocklistState":0,"blocklistURL":null,"size":138440,"pluginLibraries":["npQzoneMusic.dll"],"pluginFullpath":["C:\\Program Files (x86)\\Tencent\\QQMusic\\QzoneMusic\\npQzoneMusic.dll"],"pluginMimeTypes":[{"type":"application/tecent-qzonemusic-plugin","description":"This plug-in is transfers of QzoneMusic when opening Qzone in a web page with Firefox.","suffixes":"rts"}],"installDate":"2016-02-26T01:52:58.000Z","scope":8,"pendingOperations":0,"operationsRequiringRestart":0,"permissions":6,"optionsType":4,"optionsURL":"chrome://mozapps/content/extensions/pluginPrefs.xul","updateDate":"2016-02-26T01:52:58.000Z","isCompatible":true,"isPlatformCompatible":true,"providesUpdatesSecurely":true,"foreignInstall":true}
{"id":"{4ee1e965-31a7-4c1d-7936-a3554359d909}","type":"plugin","name":"npQQPhotoDrawEx","creator":null,"description":"npQQPhotoDrawEx Module","version":"2.47.312.813","homepageURL":null,"isActive":true,"appDisabled":false,"userDisabled":"askToActivate","blocklistState":0,"blocklistURL":null,"size":220728,"pluginLibraries":["npQQPhotoDrawEx.dll"],"pluginFullpath":["C:\\Program Files (x86)\\Tencent\\Qzone\\npQQPhotoDrawEx.dll"],"pluginMimeTypes":[{"type":"application/tencent-qqphotodrawex2-plugin","description":"","suffixes":"rts"}],"installDate":"2013-08-13T09:20:10.000Z","scope":8,"pendingOperations":0,"operationsRequiringRestart":0,"permissions":6,"optionsType":4,"optionsURL":"chrome://mozapps/content/extensions/pluginPrefs.xul","updateDate":"2013-08-13T09:20:10.000Z","isCompatible":true,"isPlatformCompatible":true,"providesUpdatesSecurely":true,"foreignInstall":true}
{"id":"{2fade9f6-547f-6c6f-6f3c-05c3721f58ed}","type":"plugin","name":"QQMiniDL Plugin","creator":null,"description":"QQMiniDL Plugin","version":"1.4.50.400","homepageURL":null,"isActive":true,"appDisabled":false,"userDisabled":"askToActivate","blocklistState":0,"blocklistURL":null,"size":190816,"pluginLibraries":["npXFMiniDLPlugin.dll"],"pluginFullpath":["C:\\Program Files (x86)\\Common Files\\Tencent\\QQMiniDL\\60\\Browser\\npXFMiniDLPlugin.dll"],"pluginMimeTypes":[{"type":"application/npxf-qqminidl","description":"npXFPlug","suffixes":"dll"}],"installDate":"2014-04-25T08:05:28.000Z","scope":8,"pendingOperations":0,"operationsRequiringRestart":0,"permissions":6,"optionsType":4,"optionsURL":"chrome://mozapps/content/extensions/pluginPrefs.xul","updateDate":"2014-04-25T08:05:28.000Z","isCompatible":true,"isPlatformCompatible":true,"providesUpdatesSecurely":true,"foreignInstall":true}
{"id":"{5cb4a4a9-49fa-3a54-516d-695e919c7690}","type":"plugin","name":"Tencent QQ","creator":null,"description":"Tencent QQ CPHelper plugin for Chrome","version":"6.0.1.1","homepageURL":null,"isActive":true,"appDisabled":false,"userDisabled":"askToActivate","blocklistState":0,"blocklistURL":null,"size":34496,"pluginLibraries":["npactivex.dll"],"pluginFullpath":["C:\\Program Files (x86)\\Common Files\\Tencent\\Npchrome\\npactivex.dll"],"pluginMimeTypes":[{"type":"application/qscall-plugin","description":"DLL","suffixes":"dll"}],"installDate":"2016-08-09T08:25:48.042Z","scope":8,"pendingOperations":0,"operationsRequiringRestart":0,"permissions":6,"optionsType":4,"optionsURL":"chrome://mozapps/content/extensions/pluginPrefs.xul","updateDate":"2016-08-09T08:25:48.042Z","isCompatible":true,"isPlatformCompatible":true,"providesUpdatesSecurely":true,"foreignInstall":true}
{"id":"{85ad01e6-c414-e805-729c-ac9c1238914d}","type":"plugin","name":"Microsoft Office 2010","creator":null,"description":"Office Authorization plug-in for NPAPI browsers","version":"14.0.4730.1010","homepageURL":null,"isActive":true,"appDisabled":false,"userDisabled":"askToActivate","blocklistState":0,"blocklistURL":null,"size":16800,"pluginLibraries":["NPAUTHZ.DLL"],"pluginFullpath":["C:\\PROGRA~2\\MICROS~1\\Office14\\NPAUTHZ.DLL"],"pluginMimeTypes":[{"type":"application/x-msoffice14","description":"14.0.4730.1010","suffixes":"*"}],"installDate":"2010-01-09T13:42:18.000Z","scope":8,"pendingOperations":0,"operationsRequiringRestart":0,"permissions":6,"optionsType":4,"optionsURL":"chrome://mozapps/content/extensions/pluginPrefs.xul","updateDate":"2010-01-09T13:42:18.000Z","isCompatible":true,"isPlatformCompatible":true,"providesUpdatesSecurely":true,"foreignInstall":true}
{"id":"{f23a76ab-1626-d214-3458-df56a2c9e828}","type":"plugin","name":"Microsoft Office 2010","creator":null,"description":"The plug-in allows you to open and edit files using Microsoft Office applications","version":"14.0.4761.1000","homepageURL":null,"isActive":true,"appDisabled":false,"userDisabled":"askToActivate","blocklistState":0,"blocklistURL":null,"size":23016,"pluginLibraries":["NPSPWRAP.DLL"],"pluginFullpath":["C:\\PROGRA~2\\MICROS~1\\Office14\\NPSPWRAP.DLL"],"pluginMimeTypes":[{"type":"application/x-sharepoint","description":"SharePoint Plug-in for Firefox","suffixes":""}],"installDate":"2010-03-24T12:22:38.000Z","scope":8,"pendingOperations":0,"operationsRequiringRestart":0,"permissions":6,"optionsType":4,"optionsURL":"chrome://mozapps/content/extensions/pluginPrefs.xul","updateDate":"2010-03-24T12:22:38.000Z","isCompatible":true,"isPlatformCompatible":true,"providesUpdatesSecurely":true,"foreignInstall":true}
{"id":"{c9974870-8618-ea47-6a67-8287e0dd61ab}","type":"plugin","name":"Foxit Reader Plugin for Mozilla","creator":null,"description":"Foxit Reader Plug-In For Firefox and Netscape","version":"2.2.5.1228","homepageURL":null,"isActive":true,"appDisabled":false,"userDisabled":"askToActivate","blocklistState":0,"blocklistURL":null,"size":1802432,"pluginLibraries":["npFoxitReaderPlugin.dll"],"pluginFullpath":["C:\\Program Files (x86)\\Foxit Software\\Foxit Reader\\plugins\\npFoxitReaderPlugin.dll"],"pluginMimeTypes":[{"type":"application/pdf","description":"Acrobat Portable Document Format","suffixes":"pdf"},{"type":"application/vnd.fdf","description":"","suffixes":"fdf"},{"type":"application/vnd.ppdf","description":"","suffixes":"ppdf"}],"installDate":"2015-12-29T03:52:54.000Z","scope":8,"pendingOperations":0,"operationsRequiringRestart":0,"permissions":6,"optionsType":4,"optionsURL":"chrome://mozapps/content/extensions/pluginPrefs.xul","updateDate":"2015-12-29T03:52:54.000Z","isCompatible":true,"isPlatformCompatible":true,"providesUpdatesSecurely":true,"foreignInstall":true}
{"id":"{b32205eb-039c-c68e-0ed1-8186b1f6fab9}","type":"plugin","name":"Shockwave Flash","creator":null,"description":"Shockwave Flash 22.0 r0","version":"22.0.0.209","homepageURL":null,"isActive":true,"appDisabled":false,"userDisabled":false,"blocklistState":0,"blocklistURL":null,"size":19483328,"pluginLibraries":["NPSWF32_22_0_0_209.dll"],"pluginFullpath":["C:\\Windows\\SysWOW64\\Macromed\\Flash\\NPSWF32_22_0_0_209.dll"],"pluginMimeTypes":[{"type":"application/x-shockwave-flash","description":"Adobe Flash movie","suffixes":"swf"},{"type":"application/futuresplash","description":"FutureSplash movie","suffixes":"spl"}],"installDate":"2016-07-31T20:42:54.400Z","scope":8,"pendingOperations":0,"operationsRequiringRestart":0,"permissions":20,"optionsType":2,"optionsURL":"chrome://mozapps/content/extensions/pluginPrefs.xul","updateDate":"2016-07-31T20:42:54.400Z","isCompatible":true,"isPlatformCompatible":true,"providesUpdatesSecurely":true,"foreignInstall":true}
{"id":"{226002e1-109c-5eab-cf7a-53ae6984b4e8}","type":"plugin","name":"YoukuAgent","creator":null,"description":"YoukuAgent","version":"1.0.0.0","homepageURL":null,"isActive":true,"appDisabled":false,"userDisabled":"askToActivate","blocklistState":0,"blocklistURL":null,"size":954936,"pluginLibraries":["npYoukuAgent.dll"],"pluginFullpath":["C:\\Users\\yqh\\AppData\\Roaming\\ytmediacenter\\npYoukuAgent.dll"],"pluginMimeTypes":[{"type":"application/x-youkuagent","description":"YoukuAgent","suffixes":""}],"installDate":"2015-12-09T01:46:04.000Z","scope":2,"pendingOperations":0,"operationsRequiringRestart":0,"permissions":6,"optionsType":4,"optionsURL":"chrome://mozapps/content/extensions/pluginPrefs.xul","updateDate":"2015-12-09T01:46:04.000Z","isCompatible":true,"isPlatformCompatible":true,"providesUpdatesSecurely":true,"foreignInstall":true}
{"id":"{75e88fda-9862-4f4a-141d-829fef6ae7f2}","type":"plugin","name":"npLodop6.1","creator":null,"description":"npLodop6.x NP dll","version":"6.1.4.1","homepageURL":null,"isActive":true,"appDisabled":false,"userDisabled":"askToActivate","blocklistState":0,"blocklistURL":null,"size":343552,"pluginLibraries":["NPCAOSOFT_WEB_PRINT_lodop.dll"],"pluginFullpath":["C:\\Program Files (x86)\\MountTaiSoftware\\Lodop\\NPCAOSOFT_WEB_PRINT_lodop.dll"],"pluginMimeTypes":[{"type":"application/x-print-lodop","description":"","suffixes":""}],"installDate":"2016-08-25T08:01:18.877Z","scope":8,"pendingOperations":0,"operationsRequiringRestart":0,"permissions":6,"optionsType":4,"optionsURL":"chrome://mozapps/content/extensions/pluginPrefs.xul","updateDate":"2016-08-25T08:01:18.877Z","isCompatible":true,"isPlatformCompatible":true,"providesUpdatesSecurely":true,"foreignInstall":true}
{"id":"{e2c7f4c0-77c7-07ba-a12e-65654faa8d3d}","type":"plugin","name":"QQGamePlugin Pro","creator":null,"description":"QQWebGamePlugin Pro","version":"1.0.4.3","homepageURL":null,"isActive":true,"appDisabled":false,"userDisabled":"askToActivate","blocklistState":0,"blocklistURL":null,"size":91704,"pluginLibraries":["npqqwebgame.dll"],"pluginFullpath":["C:\\Users\\yqh\\AppData\\Roaming\\Tencent\\WebGamePlugin\\1.0.4.3\\npqqwebgame.dll"],"pluginMimeTypes":[{"type":"application/npqqwebgame","description":"QQWebGamePlugin Pro","suffixes":"rts"}],"installDate":"2015-10-20T06:29:20.000Z","scope":2,"pendingOperations":0,"operationsRequiringRestart":0,"permissions":6,"optionsType":4,"optionsURL":"chrome://mozapps/content/extensions/pluginPrefs.xul","updateDate":"2015-10-20T06:29:20.000Z","isCompatible":true,"isPlatformCompatible":true,"providesUpdatesSecurely":true,"foreignInstall":true}
