{"[global]":{"searchdefault":"Google","searchdefaulthash":"XwjMIrCcnRQtv4ym9WGPR/L6mFzPTabZdXrutkz6B6k=","searchdefaultexpir":1449208021196},"[profile]/google-blogs.xml":{"alias":null,"hidden":true},"[profile]/google-books.xml":{"alias":null,"hidden":true},"[profile]/google-directory.xml":{"alias":null,"hidden":true},"[profile]/google-finance.xml":{"alias":null,"hidden":true},"[profile]/google-groups.xml":{"alias":null,"hidden":true},"[profile]/google-images.xml":{"alias":null,"hidden":true},"[profile]/google-maps.xml":{"alias":null,"hidden":true},"[profile]/google-news.xml":{"alias":null,"hidden":true},"[profile]/google-products.xml":{"alias":null,"hidden":true},"[profile]/google-scholar.xml":{"alias":null,"hidden":true},"[profile]/google-trends.xml":{"alias":null,"hidden":true},"[profile]/google-video.xml":{"alias":null,"hidden":true},"[profile]/youtube.xml":{"alias":null,"hidden":true},"[profile]/imdb.xml":{"alias":null,"hidden":true},"[profile]/longman-english-dictionary.xml":{"alias":null,"hidden":true},"[profile]/dictionarycom.xml":{"alias":null,"hidden":true},"[profile]/thesauruscom.xml":{"alias":null,"hidden":true},"[profile]/digg.xml":{"alias":null,"hidden":true}}