{"chrome://browser/content/browser.xul":{"navigator-toolbox":{"iconsize":"small"},"main-window":{"width":"1024","height":"728","screenX":"0","screenY":"0","sizemode":"maximized"},"titlebar-placeholder-on-menubar-for-caption-buttons":{"width":"106"},"titlebar-placeholder-on-TabsToolbar-for-captions-buttons":{"width":"106"},"nav-bar":{"currentset":"urlbar-container,search-container,bookmarks-menu-button,pocket-button,downloads-button,toolbar-zoomlevel-maintoolbarbutton,toolbar-zoomlevel-zoomIn,toolbar-zoomlevel-zoomOut,toolbar-zoomlevel-zoomReset,home-button,loop-button,firebug-badged-button,resteasy,abp-toolbarbutton,DragIt_ToolbarPalette,action-button--jsonhandlegmailcom--link,vs-toolbarpalette-icon,febeTLBRbutton","collapsed":""},"fbMainFrame":{"width":"","height":""},"PersonalToolbar":{"collapsed":"false","currentset":"personal-bookmarks"},"addon-bar":{"migratedset":"vs-toolbarpalette-icon","currentset":"addonbar-closebutton,status-bar","collapsed":"false"},"toolbar-menubar":{"currentset":"menubar-items"},"TabsToolbar":{"currentset":"tabbrowser-tabs,new-tab-button,alltabs-button"},"sidebar-box":{"sidebarcommand":"","width":"","src":""}},"chrome://firebug/content/firefox/firebug.xul":{"firebug":{"screenX":"0","screenY":"112","width":"1024","height":"600","sizemode":"normal"}},"chrome://browser/content/places/places.xul":{"placesContentTags":{"ordinal":"3"},"placesContentUrl":{"ordinal":"5"},"placesContentDate":{"ordinal":"7"},"placesContentVisitCount":{"ordinal":"9"},"placesContentDescription":{"ordinal":"11"},"placesContentDateAdded":{"ordinal":"13"},"placesContentLastModified":{"ordinal":"15"},"places":{"screenX":"729","screenY":"372","width":"700","height":"500","sizemode":"normal"}},"chrome://adblockplus/content/ui/filters.xul":{"col-enabled":{"ordinal":"1"},"col-filter":{"ordinal":"3"},"col-slow":{"ordinal":"5"},"col-hitcount":{"ordinal":"7"},"col-lasthit":{"ordinal":"9"},"tabs":{"selectedIndex":"0"}},"chrome://dragit/content/preference/PreferenceWindow.xul":{"name_7":{"id":"name_7"},"icon_gesture_7":{"id":"icon_gesture_7"},"action_7":{"id":"action_7"},"icon_engine_7":{"id":"icon_engine_7"},"engine_7":{"id":"engine_7"},"action_ctrl_7":{"id":"action_ctrl_7"},"icon_engine_ctrl_7":{"id":"icon_engine_ctrl_7"},"engine_ctrl_7":{"id":"engine_ctrl_7"},"action_alt_7":{"id":"action_alt_7"},"icon_engine_alt_7":{"id":"icon_engine_alt_7"},"engine_alt_7":{"id":"engine_alt_7"},"name_6":{"id":"name_6"},"icon_gesture_6":{"id":"icon_gesture_6"},"action_6":{"id":"action_6"},"icon_engine_6":{"id":"icon_engine_6"},"engine_6":{"id":"engine_6"},"action_ctrl_6":{"id":"action_ctrl_6"},"icon_engine_ctrl_6":{"id":"icon_engine_ctrl_6"},"engine_ctrl_6":{"id":"engine_ctrl_6"},"action_alt_6":{"id":"action_alt_6"},"icon_engine_alt_6":{"id":"icon_engine_alt_6"},"engine_alt_6":{"id":"engine_alt_6"},"name_11":{"id":"name_11"},"icon_gesture_11":{"id":"icon_gesture_11"},"action_11":{"id":"action_11"},"icon_engine_11":{"id":"icon_engine_11"},"engine_11":{"id":"engine_11"},"action_ctrl_11":{"id":"action_ctrl_11"},"icon_engine_ctrl_11":{"id":"icon_engine_ctrl_11"},"engine_ctrl_11":{"id":"engine_ctrl_11"},"action_alt_11":{"id":"action_alt_11"},"icon_engine_alt_11":{"id":"icon_engine_alt_11"},"engine_alt_11":{"id":"engine_alt_11"},"name_10":{"id":"name_10"},"icon_gesture_10":{"id":"icon_gesture_10"},"action_10":{"id":"action_10"},"icon_engine_10":{"id":"icon_engine_10"},"engine_10":{"id":"engine_10"},"action_ctrl_10":{"id":"action_ctrl_10"},"icon_engine_ctrl_10":{"id":"icon_engine_ctrl_10"},"engine_ctrl_10":{"id":"engine_ctrl_10"},"action_alt_10":{"id":"action_alt_10"},"icon_engine_alt_10":{"id":"icon_engine_alt_10"},"engine_alt_10":{"id":"engine_alt_10"},"name_9":{"id":"name_9"},"icon_gesture_9":{"id":"icon_gesture_9"},"action_9":{"id":"action_9"},"icon_engine_9":{"id":"icon_engine_9"},"engine_9":{"id":"engine_9"},"action_ctrl_9":{"id":"action_ctrl_9"},"icon_engine_ctrl_9":{"id":"icon_engine_ctrl_9"},"engine_ctrl_9":{"id":"engine_ctrl_9"},"action_alt_9":{"id":"action_alt_9"},"icon_engine_alt_9":{"id":"icon_engine_alt_9"},"engine_alt_9":{"id":"engine_alt_9"},"name_5":{"id":"name_5"},"icon_gesture_5":{"id":"icon_gesture_5"},"action_5":{"id":"action_5"},"icon_engine_5":{"id":"icon_engine_5"},"engine_5":{"id":"engine_5"},"action_ctrl_5":{"id":"action_ctrl_5"},"icon_engine_ctrl_5":{"id":"icon_engine_ctrl_5"},"engine_ctrl_5":{"id":"engine_ctrl_5"},"action_alt_5":{"id":"action_alt_5"},"icon_engine_alt_5":{"id":"icon_engine_alt_5"},"engine_alt_5":{"id":"engine_alt_5"},"name_4":{"id":"name_4"},"icon_gesture_4":{"id":"icon_gesture_4"},"action_4":{"id":"action_4"},"icon_engine_4":{"id":"icon_engine_4"},"engine_4":{"id":"engine_4"},"action_ctrl_4":{"id":"action_ctrl_4"},"icon_engine_ctrl_4":{"id":"icon_engine_ctrl_4"},"engine_ctrl_4":{"id":"engine_ctrl_4"},"action_alt_4":{"id":"action_alt_4"},"icon_engine_alt_4":{"id":"icon_engine_alt_4"},"engine_alt_4":{"id":"engine_alt_4"},"name_3":{"id":"name_3"},"icon_gesture_3":{"id":"icon_gesture_3"},"action_3":{"id":"action_3"},"icon_engine_3":{"id":"icon_engine_3"},"engine_3":{"id":"engine_3"},"action_ctrl_3":{"id":"action_ctrl_3"},"icon_engine_ctrl_3":{"id":"icon_engine_ctrl_3"},"engine_ctrl_3":{"id":"engine_ctrl_3"},"action_alt_3":{"id":"action_alt_3"},"icon_engine_alt_3":{"id":"icon_engine_alt_3"},"engine_alt_3":{"id":"engine_alt_3"},"name_2":{"id":"name_2"},"icon_gesture_2":{"id":"icon_gesture_2"},"action_2":{"id":"action_2"},"icon_engine_2":{"id":"icon_engine_2"},"engine_2":{"id":"engine_2"},"action_ctrl_2":{"id":"action_ctrl_2"},"icon_engine_ctrl_2":{"id":"icon_engine_ctrl_2"},"engine_ctrl_2":{"id":"engine_ctrl_2"},"action_alt_2":{"id":"action_alt_2"},"icon_engine_alt_2":{"id":"icon_engine_alt_2"},"engine_alt_2":{"id":"engine_alt_2"},"name_1":{"id":"name_1"},"icon_gesture_1":{"id":"icon_gesture_1"},"action_1":{"id":"action_1"},"icon_engine_1":{"id":"icon_engine_1"},"engine_1":{"id":"engine_1"},"action_ctrl_1":{"id":"action_ctrl_1"},"icon_engine_ctrl_1":{"id":"icon_engine_ctrl_1"},"engine_ctrl_1":{"id":"engine_ctrl_1"},"action_alt_1":{"id":"action_alt_1"},"icon_engine_alt_1":{"id":"icon_engine_alt_1"},"engine_alt_1":{"id":"engine_alt_1"},"PreferenceWindow":{"lastSelected":"PreferencePane_Gesture"}},"chrome://firebug/content/firefox/firebugFrame.xul":{"fbSidePanelDeck":{"width":"534"},"fbCommandPopup":{"height":"113"}},"about:config":{"prefCol":{"ordinal":"1","sortDirection":"ascending"},"lockCol":{"ordinal":"3"},"typeCol":{"ordinal":"5"},"valueCol":{"ordinal":"7"}},"chrome://mozapps/content/downloads/unknownContentType.xul":{"unknownContentType":{"screenX":"514","screenY":"287"}},"chrome://browser/content/places/bookmarkProperties.xul":{"bookmarkproperties":{"screenX":"780","screenY":"480","width":"376"}},"chrome://mozapps/content/handling/dialog.xul":{"handling":{"screenX":"796","screenY":"345","width":"328","height":"350"}},"chrome://browser/content/sanitize.xul":{"detailsExpander":{"class":"expander-up"},"itemList":{"collapsed":"false"},"SanitizeDialog":{"screenX":"761","screenY":"447"}},"chrome://febe/content/settings/febeOptions.xul":{"febeOptionsID":{"lastSelected":"febeHowPaneTitleID","screenX":"637","screenY":"230","width":"661","height":"634"}},"chrome://febe/content/febeProgress.xul":{"febeProgressWindow":{"screenX":"859","screenY":"257","width":"392","height":"319"}},"chrome://dta/content/dta/select.xul":{"DownThemAll":{"screenX":"706","screenY":"119","width":"675","height":"575"}},"chrome://dta/content/preferences/prefs.xul":{"DownThemAll":{"lastSelected":"paneAdvanced","screenX":"664","screenY":"273"}},"chrome://dta/content/dta/manager.xul":{"pct":{"ordinal":"3"},"per":{"ordinal":"5"},"dim":{"ordinal":"7"},"status":{"ordinal":"9"},"speed":{"ordinal":"11"},"parts":{"ordinal":"13"},"mask":{"ordinal":"15"},"path":{"ordinal":"17"},"hash":{"ordinal":"19"},"DownThemAll":{"screenX":"577","screenY":"217","width":"939","height":"503","sizemode":"normal","dtaAutofitted":"3.0.6.toolitems13"},"colTask":{"ordinal":"1"},"colDomain":{"ordinal":"3"},"colProgress":{"ordinal":"5"},"colPercent":{"ordinal":"7"},"colSize":{"ordinal":"9"},"colStatus":{"ordinal":"11"},"colSpeed":{"ordinal":"13"},"colSegments":{"ordinal":"15"},"colMask":{"ordinal":"17"},"colPath":{"ordinal":"19"},"colHash":{"ordinal":"21"}},"chrome://dta/content/dta/manager/conflicts.xul":{"s2":{"selected":"true"}},"chrome://dta/content/dta/addurl.xul":{"DownThemAll":{"screenX":"657","screenY":"322","width":"622"}}}