{
  "deffilter-all": {
    "id": "deffilter-all",
    "label": "全部文件",
    "expr": "/.*/i",
    "type": 3,
    "active": false
  },
  "deffilter-arch": {
    "id": "deffilter-arch",
    "label": "压缩包(zip,rar,…)",
    "expr": "/\\.(?:z(?:ip|[0-9]{2})|r(?:ar|[0-9]{2})|jar|bz2|gz|tar|rpm|7z(?:ip)?|lzma|xz)$/i",
    "type": 1,
    "active": false
  },
  "deffilter-aud": {
    "id": "deffilter-aud",
    "label": "音频(mp3,wav,…)",
    "expr": "/\\.(?:mp3|wav|og(?:g|a)|flac|midi?|rm|aac|wma|mka|ape)$/i",
    "type": 1,
    "active": false
  },
  "deffilter-bin": {
    "id": "deffilter-bin",
    "label": "软件(exe,xpi,…)",
    "expr": "/\\.(?:exe|msi|dmg|bin|xpi|iso)$/i",
    "type": 1,
    "active": false
  },
  "deffilter-doc": {
    "id": "deffilter-doc",
    "label": "文档(pdf, odf, …)",
    "expr": "/\\.(?:pdf|xlsx?|docx?|odf|odt|rtf)$/i",
    "type": 1,
    "active": false
  },
  "deffilter-img": {
    "id": "deffilter-img",
    "label": "图像(jpg,png,…)",
    "expr": "/\\.(?:jp(?:e?g|e|2)|gif|png|tiff?|bmp|ico)$/i",
    "type": 3,
    "active": false
  },
  "deffilter-imggif": {
    "id": "deffilter-imggif",
    "label": "GIF图像",
    "expr": "/\\.gif$/i",
    "type": 2,
    "active": false
  },
  "deffilter-imgjpg": {
    "id": "deffilter-imgjpg",
    "label": "JPEG图像",
    "expr": "/\\.jp(e?g|e|2)$/i",
    "type": 3,
    "active": true
  },
  "deffilter-imgpng": {
    "id": "deffilter-imgpng",
    "label": "PNG图像",
    "expr": "/\\.png$/i",
    "type": 2,
    "active": false
  },
  "deffilter-vid": {
    "id": "deffilter-vid",
    "label": "视频(mpeg,avi,…)",
    "expr": "/\\.(?:mpeg|ra?m|avi|mp(?:g|e|4)|mov|divx|asf|qt|wmv|m\\dv|rv|vob|asx|ogm|ogv|webm|flv|mkv)$/i",
    "type": 3,
    "active": true
  }
}